images,feature,product_name
"http://www.masseyferguson.us/content/dam/Brands/Massey Ferguson/US/Tractors/Sub-Compact Tractors/GC1700 Series Sub-Compact/Gallery/Massey-Ferguson-GC1700-tractor-with-CB65-backhoe.jpg/jcr:content/renditions/cq5dam.web.1280.1280.jpeg,http://www.masseyferguson.us/content/dam/Brands/Massey Ferguson/US/Tractors/Sub-Compact Tractors/GC1700 Series Sub-Compact/Gallery/massey-ferguson-gc1700-series-subcompact-tractor-with-dl95-loader-cb65-backhoe.jpg/jcr:content/renditions/cq5dam.web.1280.1280.jpeg,http://www.masseyferguson.us/content/dam/Brands/Massey Ferguson/US/Tractors/Sub-Compact Tractors/GC1700 Series Sub-Compact/Gallery/Massey-Ferguson-GC1700-tractor-with-DL95-loader-2.jpg/jcr:content/renditions/cq5dam.web.1280.1280.jpeg,http://www.masseyferguson.us/content/dam/Brands/Massey Ferguson/US/Tractors/Sub-Compact Tractors/GC1700 Series Sub-Compact/Gallery/massey-ferguson-gc1700-series-subcompact-tractor-with-dl95-loader-and-cb65-backhoe.jpg/jcr:content/renditions/cq5dam.web.1280.1280.jpeg,http://www.masseyferguson.us/content/dam/Brands/Massey Ferguson/US/Tractors/Sub-Compact Tractors/GC1700 Series Sub-Compact/Gallery/massey-ferguson-gc1700-sub-compact-tractor-mid-mount-mower.jpg/jcr:content/renditions/cq5dam.web.1280.1280.jpeg,http://www.masseyferguson.us/content/dam/Brands/Massey Ferguson/US/Tractors/Sub-Compact Tractors/GC1700 Series Sub-Compact/Gallery/massey-ferguson-gc1700-series-subcompact-tractor-with-dl95-loader.jpg/jcr:content/renditions/cq5dam.web.1280.1280.jpeg","Innovation,Capability,Comfort",Massey Ferguson | GC1700 Series Sub-Compact Tractor
,,Hesston by Massey Ferguson 5400 Draper Headers
"http://www.masseyferguson.us/content/dam/Brands/Massey Ferguson/US/Hay and Forage/disc-headers/9100-series/gallery/hesston-series-by-massey-ferguson-9100-series-razorbar-disc-headers-swath-and-cut.jpg/jcr:content/renditions/cq5dam.web.1280.1280.jpeg,http://www.masseyferguson.us/content/dam/Brands/Massey Ferguson/US/Hay and Forage/disc-headers/9100-series/gallery/hesston-series-by-massey-ferguson-9100-series-razorbar-disc-headers-cutting-from-behind.jpg/jcr:content/renditions/cq5dam.web.1280.1280.jpeg,http://www.masseyferguson.us/content/dam/Brands/Massey Ferguson/US/Hay and Forage/disc-headers/9100-series/gallery/hesston-series-by-massey-ferguson-9100-series-razorbar-disc-headers-wr9800-cutting-alfalfa.jpg/jcr:content/renditions/cq5dam.web.1280.1280.jpeg,http://www.masseyferguson.us/content/dam/Brands/Massey Ferguson/US/Hay and Forage/disc-headers/9100-series/gallery/hesston-series-by-massey-ferguson-9100-series-razorbar-disc-headers-hydraulic-roll-tension.jpg/jcr:content/renditions/cq5dam.web.1280.1280.jpeg,http://www.masseyferguson.us/content/dam/Brands/Massey Ferguson/US/Hay and Forage/disc-headers/9100-series/gallery/hesston-series-by-massey-ferguson-9100-series-razorbar-disc-headers-cutterbar.jpg/jcr:content/renditions/cq5dam.web.1280.1280.jpeg","Innovation,Capability",Massey Ferguson | 9100 Series Razorbar Disc Headers
,,Hesston by Massey Ferguson 9200 Series Razorbar Disc Headers
"http://www.masseyferguson.us/content/dam/Brands/Massey Ferguson/US/Hay and Forage/SP Windrowers/triple-windrower-attachment/gallery/hesston-by-massey-ferguson-TWA-series-windrower-hay-cutting-(94).jpg/jcr:content/renditions/cq5dam.web.1280.1280.jpeg,http://www.masseyferguson.us/content/dam/Brands/Massey Ferguson/US/Hay and Forage/SP Windrowers/triple-windrower-attachment/gallery/hesston-by-massey-ferguson-TWA-series-windrower-hay-cutting-(104).jpg/jcr:content/renditions/cq5dam.web.1280.1280.jpeg,http://www.masseyferguson.us/content/dam/Brands/Massey Ferguson/US/Hay and Forage/SP Windrowers/triple-windrower-attachment/gallery/hesston-by-massey-ferguson-TWA-series-windrower-hay-cutting-(28).jpg/jcr:content/renditions/cq5dam.web.1280.1280.jpeg,http://www.masseyferguson.us/content/dam/Brands/Massey Ferguson/US/Hay and Forage/SP Windrowers/triple-windrower-attachment/gallery/hesston-by-massey-ferguson-TWA-series-windrower-hay-cutting-(131).jpg/jcr:content/renditions/cq5dam.web.1280.1280.jpeg,http://www.masseyferguson.us/content/dam/Brands/Massey Ferguson/US/Hay and Forage/SP Windrowers/triple-windrower-attachment/gallery/hesston-by-massey-ferguson-TWA-series-windrower-hay-cutting-(16).jpg/jcr:content/renditions/cq5dam.web.1280.1280.jpeg,http://www.masseyferguson.us/content/dam/Brands/Massey Ferguson/US/Hay and Forage/SP Windrowers/triple-windrower-attachment/gallery/hesston-by-massey-ferguson-TWA-series-windrower-hay-cutting-(7).jpg/jcr:content/renditions/cq5dam.web.1280.1280.jpeg,http://www.masseyferguson.us/content/dam/Brands/Massey Ferguson/US/Hay and Forage/SP Windrowers/triple-windrower-attachment/gallery/hesston-by-massey-ferguson-TWA-series-windrower-hay-cutting-(84).jpg/jcr:content/renditions/cq5dam.web.1280.1280.jpeg","Innovation,Capability",Massey Ferguson | Triple Windrow Attachment
"http://www.masseyferguson.us/content/dam/Brands/Massey Ferguson/US/Hay and Forage/SP Windrowers/wr9900-series/gallery/hesston-by-massey-ferguson-wr9900-self-propelled-windrower-alfalfa-idaho-2017-DJI-0069.jpg/jcr:content/renditions/cq5dam.web.1280.1280.jpeg,http://www.masseyferguson.us/content/dam/Brands/Massey Ferguson/US/Hay and Forage/SP Windrowers/wr9900-series/gallery/hesston-by-massey-ferguson-wr9900-self-propelled-windrower-alfalfa-idaho-2017-IMG-9702.jpg/jcr:content/renditions/cq5dam.web.1280.1280.jpeg,http://www.masseyferguson.us/content/dam/Brands/Massey Ferguson/US/Hay and Forage/SP Windrowers/wr9900-series/gallery/hesston-by-massey-ferguson-wr9900-self-propelled-windrower-alfalfa-idaho-2017-IMG-9440.jpg/jcr:content/renditions/cq5dam.web.1280.1280.jpeg,http://www.masseyferguson.us/content/dam/Brands/Massey Ferguson/US/Hay and Forage/SP Windrowers/wr9900-series/gallery/hesston-by-massey-ferguson-wr9900-self-propelled-windrower-alfalfa-idaho-2017-IMG-9666.jpg/jcr:content/renditions/cq5dam.web.1280.1280.jpeg,http://www.masseyferguson.us/content/dam/Brands/Massey Ferguson/US/Hay and Forage/SP Windrowers/wr9900-series/gallery/hesston-by-massey-ferguson-wr9900-self-propelled-windrower-alfalfa-idaho-2017-IMG-9802.jpg/jcr:content/renditions/cq5dam.web.1280.1280.jpeg,http://www.masseyferguson.us/content/dam/Brands/Massey Ferguson/US/Hay and Forage/SP Windrowers/wr9900-series/gallery/hesston-by-massey-ferguson-wr9900-self-propelled-windrower-details-idaho-2017-Cab-8890.jpg/jcr:content/renditions/cq5dam.web.1280.1280.jpeg,http://www.masseyferguson.us/content/dam/Brands/Massey Ferguson/US/Hay and Forage/SP Windrowers/wr9900-series/gallery/hesston-by-massey-ferguson-wr9900-self-propelled-windrower-alfalfa-idaho-2017-IMG-0716.jpg/jcr:content/renditions/cq5dam.web.1280.1280.jpeg,http://www.masseyferguson.us/content/dam/Brands/Massey Ferguson/US/Hay and Forage/SP Windrowers/wr9900-series/gallery/hesston-by-massey-ferguson-wr9900-self-propelled-windrower-alfalfa-idaho-2017-DJI-0008.jpg/jcr:content/renditions/cq5dam.web.1280.1280.jpeg","Innovation,Capability,Comfort",Hesston by Massey Ferguson WR9900 Series Windrower
"http://www.masseyferguson.us/content/dam/Brands/Massey Ferguson/US/Hay and Forage/draper-headers/5300-series-draper-headers/gallery/hesston-by-massey-ferguson-5300-series-draper-header-front-view.jpg/jcr:content/renditions/cq5dam.web.1280.1280.jpeg,http://www.masseyferguson.us/content/dam/Brands/Massey Ferguson/US/Hay and Forage/draper-headers/5300-series-draper-headers/gallery/hesston-by-massey-ferguson-5300-series-draper-header-roading-with-rear-steer.jpg/jcr:content/renditions/cq5dam.web.1280.1280.jpeg,http://www.masseyferguson.us/content/dam/Brands/Massey Ferguson/US/Hay and Forage/draper-headers/5300-series-draper-headers/gallery/hesston-by-massey-ferguson-5300-series-draper-header-canola-swath.jpg/jcr:content/renditions/cq5dam.web.1280.1280.jpeg,http://www.masseyferguson.us/content/dam/Brands/Massey Ferguson/US/Hay and Forage/draper-headers/5300-series-draper-headers/gallery/hesston-by-massey-ferguson-5300-series-draper-header-wr9800-windrower-in-canola.jpg/jcr:content/renditions/cq5dam.web.1280.1280.jpeg,http://www.masseyferguson.us/content/dam/Brands/Massey Ferguson/US/Hay and Forage/draper-headers/5300-series-draper-headers/gallery/hesston-by-massey-ferguson-5300-series-draper-header-side-panel.jpg/jcr:content/renditions/cq5dam.web.1280.1280.jpeg","Innovation,Capability",Massey Ferguson | 5300 Draper Headers
"http://www.masseyferguson.us/content/dam/Brands/Massey Ferguson/US/Hay and Forage/SP Windrowers/Hesston By MF WR Series Windrowers/Gallery/hesston-by-massey-ferguson-wr9800-series-self-propelled-windrowers-gallery-4.jpg/jcr:content/renditions/cq5dam.web.1280.1280.jpeg,http://www.masseyferguson.us/content/dam/Brands/Massey Ferguson/US/Hay and Forage/SP Windrowers/Hesston By MF WR Series Windrowers/Gallery/hesston-by-massey-ferguson-wr9800-series-self-propelled-windrowers-gallery-3.jpg/jcr:content/renditions/cq5dam.web.1280.1280.jpeg,http://www.masseyferguson.us/content/dam/Brands/Massey Ferguson/US/Hay and Forage/SP Windrowers/Hesston By MF WR Series Windrowers/Gallery/Hesston_By_Massey_Ferguson_WR_Series_Windrower_7_1.jpg/jcr:content/renditions/cq5dam.web.1280.1280.jpeg,http://www.masseyferguson.us/content/dam/Brands/Massey Ferguson/US/Hay and Forage/SP Windrowers/Hesston By MF WR Series Windrowers/Gallery/Hesston_By_Massey_Ferguson_WR_Series_Windrower_4_1.jpg/jcr:content/renditions/cq5dam.web.1280.1280.jpeg,http://www.masseyferguson.us/content/dam/Brands/Massey Ferguson/US/Hay and Forage/SP Windrowers/Hesston By MF WR Series Windrowers/Gallery/Hesston_By_Massey_Ferguson_WR_Series_Windrower_6_1.jpg/jcr:content/renditions/cq5dam.web.1280.1280.jpeg,http://www.masseyferguson.us/content/dam/Brands/Massey Ferguson/US/Hay and Forage/SP Windrowers/Hesston By MF WR Series Windrowers/Gallery/hesston-by-massey-ferguson-wr9800-series-self-propelled-windrowers-gallery-1.jpg/jcr:content/renditions/cq5dam.web.1280.1280.jpeg,http://www.masseyferguson.us/content/dam/Brands/Massey Ferguson/US/Hay and Forage/SP Windrowers/Hesston By MF WR Series Windrowers/Gallery/hesston-by-massey-ferguson-wr9800-series-self-propelled-windrowers-gallery-2.jpg/jcr:content/renditions/cq5dam.web.1280.1280.jpeg,http://www.masseyferguson.us/content/dam/Brands/Massey Ferguson/US/Hay and Forage/SP Windrowers/Hesston By MF WR Series Windrowers/Gallery/hesston-by-massey-ferguson-9800-series-windrower-cab-gallery-image.jpg/jcr:content/renditions/cq5dam.web.1280.1280.jpeg","Innovation,Capability",Massey Ferguson | WR9800 Series Windrower
,"Standard Capabilities,High Performance Features,Optional Features",Massey Ferguson | 3300 Command Series Corn Heads
"http://www.masseyferguson.us/content/dam/Brands/Massey Ferguson/US/Combine Harvesting/MF 4200 Pickup Heads/Gallery/massey-ferguson-4200-pickup-header-with-9560-harvesting-canola-a.jpg/jcr:content/renditions/cq5dam.web.1280.1280.jpeg,http://www.masseyferguson.us/content/dam/Brands/Massey Ferguson/US/Combine Harvesting/MF 4200 Pickup Heads/Gallery/massey-ferguson-4200-pickup-header-with-9560-harvesting-canola-b.jpg/jcr:content/renditions/cq5dam.web.1280.1280.jpeg",,Massey Ferguson | 4200 Pickup Heads
"http://www.masseyferguson.us/content/dam/Brands/Massey Ferguson/US/Tractors/Compact Tractors/1500 Series Compact/gallery/massey-ferguson-1526-compact-tractor-gallery-panel3.jpg/jcr:content/renditions/cq5dam.web.1280.1280.jpeg,http://www.masseyferguson.us/content/dam/Brands/Massey Ferguson/US/Tractors/Compact Tractors/1500 Series Compact/gallery/massey-ferguson-1526-compact-tractor-gallery-panel .jpg/jcr:content/renditions/cq5dam.web.1280.1280.jpeg,http://www.masseyferguson.us/content/dam/Brands/Massey Ferguson/US/Tractors/Compact Tractors/1500 Series Compact/gallery/massey-ferguson-1526-compact-tractor-gallery-panel2.jpg/jcr:content/renditions/cq5dam.web.1280.1280.jpeg,http://www.masseyferguson.us/content/dam/Brands/Massey Ferguson/US/Tractors/Compact Tractors/1500 Series Compact/gallery/massey-ferguson-1526-compact-tractor-gallery-panel4.jpg/jcr:content/renditions/cq5dam.web.1280.1280.jpeg","Versatility,Ease of Use,Comfort",MF1526 Compact Tractor | Massey Ferguson
,"Innovation,Capability",Massey Ferguson | 9255 DynaFlex Draper Header
"http://www.masseyferguson.us/content/dam/Brands/Massey Ferguson/US/Combine Harvesting/MF 8200 Series Flex Heads/Gallery/massey-ferguson-8200-flex-head-a.jpg/jcr:content/renditions/cq5dam.web.1280.1280.jpeg,http://www.masseyferguson.us/content/dam/Brands/Massey Ferguson/US/Combine Harvesting/MF 8200 Series Flex Heads/Gallery/massey-ferguson-8200-flex-head-b.jpg/jcr:content/renditions/cq5dam.web.1280.1280.jpeg",,Massey Ferguson | 8200 Flex Heads
"http://www.masseyferguson.us/content/dam/Brands/Massey Ferguson/US/Combine Harvesting/MF 9250 DynaFlex Draper Headers/Gallery/massey-ferguson-9250-dynaflex-draper-headers-e.jpg/jcr:content/renditions/cq5dam.web.1280.1280.jpeg,http://www.masseyferguson.us/content/dam/Brands/Massey Ferguson/US/Combine Harvesting/MF 9250 DynaFlex Draper Headers/Gallery/massey-ferguson-9250-series-gallery-d.jpg/jcr:content/renditions/cq5dam.web.1280.1280.jpeg,http://www.masseyferguson.us/content/dam/Brands/Massey Ferguson/US/Combine Harvesting/MF 9250 DynaFlex Draper Headers/Gallery/massey-ferguson-9250-series-gallery-c.jpg/jcr:content/renditions/cq5dam.web.1280.1280.jpeg,http://www.masseyferguson.us/content/dam/Brands/Massey Ferguson/US/Combine Harvesting/MF 9250 DynaFlex Draper Headers/Gallery/massey-ferguson-9250-series-gallery-b.jpg/jcr:content/renditions/cq5dam.web.1280.1280.jpeg,http://www.masseyferguson.us/content/dam/Brands/Massey Ferguson/US/Combine Harvesting/MF 9250 DynaFlex Draper Headers/Gallery/massey-ferguson-9250-series-gallery-a.jpg/jcr:content/renditions/cq5dam.web.1280.1280.jpeg","Innovation,Capability",Massey Ferguson | 9250 DynaFlex Draper Header
"http://www.masseyferguson.us/content/dam/Brands/Massey Ferguson/US/Combine Harvesting/MF 3000 Corn Heads/Gallery/massey-ferguson-3000-corn-head-c.jpg/jcr:content/renditions/cq5dam.web.1280.1280.jpeg,http://www.masseyferguson.us/content/dam/Brands/Massey Ferguson/US/Combine Harvesting/MF 3000 Corn Heads/Gallery/massey-ferguson-3000-corn-head-a.jpg/jcr:content/renditions/cq5dam.web.1280.1280.jpeg,http://www.masseyferguson.us/content/dam/Brands/Massey Ferguson/US/Combine Harvesting/MF 3000 Corn Heads/Gallery/massey-ferguson-3000-corn-head-d.jpg/jcr:content/renditions/cq5dam.web.1280.1280.jpeg,http://www.masseyferguson.us/content/dam/Brands/Massey Ferguson/US/Combine Harvesting/MF 3000 Corn Heads/Gallery/massey-ferguson-3000-corn-head-e.jpg/jcr:content/renditions/cq5dam.web.1280.1280.jpeg,http://www.masseyferguson.us/content/dam/Brands/Massey Ferguson/US/Combine Harvesting/MF 3000 Corn Heads/Gallery/massey-ferguson-3000-corn-head-b.jpg/jcr:content/renditions/cq5dam.web.1280.1280.jpeg",,Massey Ferguson | 3000 Corn Heads
,,Massey Ferguson | 3200 Command Series Corn Heads
,,Massey Ferguson | Disc Harrows
,,Massey Ferguson | Post Hole Diggers
,,Massey Ferguson | Forward and Reverse Rotary Tiller
,,Massey Ferguson | Box Scraper
,,Massey Ferguson | Rotary Brooms
,,Massey Ferguson | Precision Super Seeders
,,Massey Ferguson | Landscape Rakes
,,Massey Ferguson | Grading Scraper
,,Massey Ferguson | Rear Blades
,,Massey Ferguson | Dozer Blades
,,Massey Ferguson | Snow Blowers
,,Massey Ferguson | Mid-Mount Finish Mowers
,,Massey Ferguson | Rear Discharge Finish Mowers
,,Massey Ferguson | Center Drive Flail Shredders
,,Massey Ferguson | BatwingÂ® Rotary Cutters
,,Massey Ferguson | Multi-Spindle Rotary Cutters
,,Massey Ferguson | Single Spindle Rotary Cutters
,,Massey Ferguson | End Drive Flail Shredders
,,Massey Ferguson | Compact Backhoes
,,Massey Ferguson | Sub-Compact Loader
,,Massey Ferguson | Utility and Mid-Range Loader
"http://www.masseyferguson.us/content/dam/Brands/Massey Ferguson/US/Hay and Forage/Rakes and Tedders/TD Series Tedders/Gallery/massey-ferguson-td-series-tedders-gallery-image-3.jpg/jcr:content/renditions/cq5dam.web.1280.1280.jpeg,http://www.masseyferguson.us/content/dam/Brands/Massey Ferguson/US/Hay and Forage/Rakes and Tedders/TD Series Tedders/Gallery/massey-ferguson-td-series-tedders-gallery-image-4.jpg/jcr:content/renditions/cq5dam.web.1280.1280.jpeg,http://www.masseyferguson.us/content/dam/Brands/Massey Ferguson/US/Hay and Forage/Rakes and Tedders/TD Series Tedders/Gallery/massey-ferguson-td-series-tedders-gallery-image-5.jpg/jcr:content/renditions/cq5dam.web.1280.1280.jpeg,http://www.masseyferguson.us/content/dam/Brands/Massey Ferguson/US/Hay and Forage/Rakes and Tedders/TD Series Tedders/Gallery/massey-ferguson-td-series-tedders-gallery-image-1.jpg/jcr:content/renditions/cq5dam.web.1280.1280.jpeg,http://www.masseyferguson.us/content/dam/Brands/Massey Ferguson/US/Hay and Forage/Rakes and Tedders/TD Series Tedders/Gallery/Massey-Ferguson-TD-Series-Tedder-2.jpg/jcr:content/renditions/cq5dam.web.1280.1280.jpeg,http://www.masseyferguson.us/content/dam/Brands/Massey Ferguson/US/Hay and Forage/Rakes and Tedders/TD Series Tedders/Gallery/massey-ferguson-td-series-tedders-gallery-image-2.jpg/jcr:content/renditions/cq5dam.web.1280.1280.jpeg,http://www.masseyferguson.us/content/dam/Brands/Massey Ferguson/US/Hay and Forage/Rakes and Tedders/TD Series Tedders/Gallery/Massey-Ferguson-TD-Series-Tedder-4.jpg/jcr:content/renditions/cq5dam.web.1280.1280.jpeg","Innovation,Capability",Massey Ferguson | TD Series Tedders
"http://www.masseyferguson.us/content/dam/Brands/Massey Ferguson/US/Hay and Forage/Manure Spreaders/3700 Series Manure Spreaders/Gallery/Massey_Ferguson_3700_Series_Manure_Spreader_4_1.jpg/jcr:content/renditions/cq5dam.web.1280.1280.jpeg,http://www.masseyferguson.us/content/dam/Brands/Massey Ferguson/US/Hay and Forage/Manure Spreaders/3700 Series Manure Spreaders/Gallery/Massey_Ferguson_3700_Series_Manure_Spreader_1_1.jpg/jcr:content/renditions/cq5dam.web.1280.1280.jpeg,http://www.masseyferguson.us/content/dam/Brands/Massey Ferguson/US/Hay and Forage/Manure Spreaders/3700 Series Manure Spreaders/Gallery/Massey_Ferguson_3700_Series_Manure_Spreader_2_1.jpg/jcr:content/renditions/cq5dam.web.1280.1280.jpeg","Innovation,Capability",Massey Ferguson | 3700 Series Manure Spreader
,,Massey Ferguson | High Horsepower Loader
"http://www.masseyferguson.us/content/dam/Brands/Massey Ferguson/US/Hay and Forage/Rakes and Tedders/1500 Series Vertical Fold Rakes/Gallery/massey-ferguson-1500-series-vertical-fold-rake-2.jpg/jcr:content/renditions/cq5dam.web.1280.1280.jpeg,http://www.masseyferguson.us/content/dam/Brands/Massey Ferguson/US/Hay and Forage/Rakes and Tedders/1500 Series Vertical Fold Rakes/Gallery/massey-ferguson-1500-series-vertical-fold-rakes-transport-gallery.jpg/jcr:content/renditions/cq5dam.web.1280.1280.jpeg,http://www.masseyferguson.us/content/dam/Brands/Massey Ferguson/US/Hay and Forage/Rakes and Tedders/1500 Series Vertical Fold Rakes/Gallery/massey-ferguson-1500-series-vertical-fold-rake-1.jpg/jcr:content/renditions/cq5dam.web.1280.1280.jpeg,http://www.masseyferguson.us/content/dam/Brands/Massey Ferguson/US/Hay and Forage/Rakes and Tedders/1500 Series Vertical Fold Rakes/Gallery/massey-ferguson-1500-series-vertical-fold-rakes-gallery.jpg/jcr:content/renditions/cq5dam.web.1280.1280.jpeg",,1500 Series Vertical Fold Rakes
,,SV Series Y Rake
,"Innovation,Capability",Massey Ferguson | 3900 Series Wheel Rake
"http://www.masseyferguson.us/content/dam/Brands/Massey Ferguson/US/Hay and Forage/Square Balers/2200 Series Large Square Balers/Gallery/hesston-series-by-massey-ferguson-2270-large-square-baler-gallery-2.jpg/jcr:content/renditions/cq5dam.web.1280.1280.jpeg,http://www.masseyferguson.us/content/dam/Brands/Massey Ferguson/US/Hay and Forage/Square Balers/2200 Series Large Square Balers/Gallery/hesston-series-by-massey-ferguson-2270-large-square-baler-gallery-1.jpg/jcr:content/renditions/cq5dam.web.1280.1280.jpeg,http://www.masseyferguson.us/content/dam/Brands/Massey Ferguson/US/Hay and Forage/Square Balers/2200 Series Large Square Balers/Gallery/hesston-series-by-massey-ferguson-2270-large-square-baler-gallery-4.jpg/jcr:content/renditions/cq5dam.web.1280.1280.jpeg,http://www.masseyferguson.us/content/dam/Brands/Massey Ferguson/US/Hay and Forage/Square Balers/2200 Series Large Square Balers/Gallery/hesston-series-by-massey-ferguson-2270-large-square-baler-gallery-3.jpg/jcr:content/renditions/cq5dam.web.1280.1280.jpeg,http://www.masseyferguson.us/content/dam/Brands/Massey Ferguson/US/Hay and Forage/Square Balers/2200 Series Large Square Balers/Gallery/Hesston_By_Massey_Ferguson_2200_Series_Large_Square_Baler_3_1.jpg/jcr:content/renditions/cq5dam.web.1280.1280.jpeg,http://www.masseyferguson.us/content/dam/Brands/Massey Ferguson/US/Hay and Forage/Square Balers/2200 Series Large Square Balers/Gallery/Hesston_By_Massey_Ferguson_2200_Series_Large_Square_Baler_4_1.jpg/jcr:content/renditions/cq5dam.web.1280.1280.jpeg,http://www.masseyferguson.us/content/dam/Brands/Massey Ferguson/US/Hay and Forage/Square Balers/2200 Series Large Square Balers/Gallery/Hesston_By_Massey_Ferguson_2200_Series_Large_Square_Baler_2_1.jpg/jcr:content/renditions/cq5dam.web.1280.1280.jpeg,http://www.masseyferguson.us/content/dam/Brands/Massey Ferguson/US/Hay and Forage/Square Balers/2200 Series Large Square Balers/Gallery/Hesston_By_Massey_Ferguson_2200_Series_Large_Square_Baler_1_1.jpg/jcr:content/renditions/cq5dam.web.1280.1280.jpeg,http://www.masseyferguson.us/content/dam/Brands/Massey Ferguson/US/Hay and Forage/Square Balers/2200 Series Large Square Balers/Gallery/Hesston_By_Massey_Ferguson_2200_Series_Large_Square_Baler_6_1.jpg/jcr:content/renditions/cq5dam.web.1280.1280.jpeg,http://www.masseyferguson.us/content/dam/Brands/Massey Ferguson/US/Hay and Forage/Square Balers/2200 Series Large Square Balers/Gallery/hesston-series-by-massey-ferguson-2270-large-square-baler-gallery-5.jpg/jcr:content/renditions/cq5dam.web.1280.1280.jpeg","Innovation,Capability",Massey Ferguson | 2200 Series Large Square Baler
"http://www.masseyferguson.us/content/dam/Brands/Massey Ferguson/US/Hay and Forage/Round Balers/4100v-round-baler/gallery/Massey-Ferguson-4100V-Round-Baler-3.jpg/jcr:content/renditions/cq5dam.web.1280.1280.jpeg,http://www.masseyferguson.us/content/dam/Brands/Massey Ferguson/US/Hay and Forage/Round Balers/4100v-round-baler/gallery/Massey-Ferguson-4100V-Round-Baler-2.jpg/jcr:content/renditions/cq5dam.web.1280.1280.jpeg,http://www.masseyferguson.us/content/dam/Brands/Massey Ferguson/US/Hay and Forage/Round Balers/4100v-round-baler/gallery/Massey-Ferguson-4100V-Round-Baler-1.jpg/jcr:content/renditions/cq5dam.web.1280.1280.jpeg,http://www.masseyferguson.us/content/dam/Brands/Massey Ferguson/US/Hay and Forage/Round Balers/4100v-round-baler/gallery/Massey-Ferguson-4100V-Round-Baler-7.jpg/jcr:content/renditions/cq5dam.web.1280.1280.jpeg,http://www.masseyferguson.us/content/dam/Brands/Massey Ferguson/US/Hay and Forage/Round Balers/4100v-round-baler/gallery/Massey-Ferguson-4100V-Round-Baler-5.jpg/jcr:content/renditions/cq5dam.web.1280.1280.jpeg,http://www.masseyferguson.us/content/dam/Brands/Massey Ferguson/US/Hay and Forage/Round Balers/4100v-round-baler/gallery/Massey-Ferguson-4100V-Round-Baler-4.jpg/jcr:content/renditions/cq5dam.web.1280.1280.jpeg","More Pickup,Less Blockage,Easy Wrapping",Massey Ferguson | 4100v Series Round Baler
"http://www.masseyferguson.us/content/dam/Brands/Massey Ferguson/US/Hay and Forage/Rakes and Tedders/RK Series Rotary Rakes/Gallery/Massey_Ferguson_RK_Series_Rotary_Rake_2_1.jpg/jcr:content/renditions/cq5dam.web.1280.1280.jpeg,http://www.masseyferguson.us/content/dam/Brands/Massey Ferguson/US/Hay and Forage/Rakes and Tedders/RK Series Rotary Rakes/Gallery/massey-ferguson-rk-rotary-series-rakes-gallery-03.jpg/jcr:content/renditions/cq5dam.web.1280.1280.jpeg,http://www.masseyferguson.us/content/dam/Brands/Massey Ferguson/US/Hay and Forage/Rakes and Tedders/RK Series Rotary Rakes/Gallery/massey-ferguson-rk-rotary-series-rakes-gallery-image-2.jpg/jcr:content/renditions/cq5dam.web.1280.1280.jpeg,http://www.masseyferguson.us/content/dam/Brands/Massey Ferguson/US/Hay and Forage/Rakes and Tedders/RK Series Rotary Rakes/Gallery/massey-ferguson-rk-rotary-series-rakes-gallery-05.jpg/jcr:content/renditions/cq5dam.web.1280.1280.jpeg,http://www.masseyferguson.us/content/dam/Brands/Massey Ferguson/US/Hay and Forage/Rakes and Tedders/RK Series Rotary Rakes/Gallery/massey-ferguson-rk-rotary-series-rakes-gallery-04.jpg/jcr:content/renditions/cq5dam.web.1280.1280.jpeg,http://www.masseyferguson.us/content/dam/Brands/Massey Ferguson/US/Hay and Forage/Rakes and Tedders/RK Series Rotary Rakes/Gallery/Massey_Ferguson_RK_Series_Rotary_Rake_3_1.jpg/jcr:content/renditions/cq5dam.web.1280.1280.jpeg,http://www.masseyferguson.us/content/dam/Brands/Massey Ferguson/US/Hay and Forage/Rakes and Tedders/RK Series Rotary Rakes/Gallery/massey-ferguson-rk-rotary-series-rakes-gallery-Image.jpg/jcr:content/renditions/cq5dam.web.1280.1280.jpeg","Innovation,Capability",Massey Ferguson | RK Series Rotary Rake
"http://www.masseyferguson.us/content/dam/Brands/Massey Ferguson/US/Hay and Forage/Square Balers/1800 Series Small Square Balers/Gallery/massey-ferguson-1800-series-square-balers-gallery-image-3.jpg/jcr:content/renditions/cq5dam.web.1280.1280.jpeg,http://www.masseyferguson.us/content/dam/Brands/Massey Ferguson/US/Hay and Forage/Square Balers/1800 Series Small Square Balers/Gallery/massey-ferguson-1800-series-square-balers-gallery-image-2.jpg/jcr:content/renditions/cq5dam.web.1280.1280.jpeg,http://www.masseyferguson.us/content/dam/Brands/Massey Ferguson/US/Hay and Forage/Square Balers/1800 Series Small Square Balers/Gallery/massey-ferguson-1800-series-square-balers-gallery-image-1.jpg/jcr:content/renditions/cq5dam.web.1280.1280.jpeg,http://www.masseyferguson.us/content/dam/Brands/Massey Ferguson/US/Hay and Forage/Square Balers/1800 Series Small Square Balers/Gallery/1800-Series-Small-Square-Baler-3.jpg/jcr:content/renditions/cq5dam.web.1280.1280.jpeg,http://www.masseyferguson.us/content/dam/Brands/Massey Ferguson/US/Hay and Forage/Square Balers/1800 Series Small Square Balers/Gallery/massey-ferguson-1800-series-square-balers-hero-gallery-2.jpg/jcr:content/renditions/cq5dam.web.1280.1280.jpeg,http://www.masseyferguson.us/content/dam/Brands/Massey Ferguson/US/Hay and Forage/Square Balers/1800 Series Small Square Balers/Gallery/MF-1844S-MAS-0274-0558.jpg/jcr:content/renditions/cq5dam.web.1280.1280.jpeg,http://www.masseyferguson.us/content/dam/Brands/Massey Ferguson/US/Hay and Forage/Square Balers/1800 Series Small Square Balers/Gallery/1800-Series-Small-Square-Baler-1.jpg/jcr:content/renditions/cq5dam.web.1280.1280.jpeg,http://www.masseyferguson.us/content/dam/Brands/Massey Ferguson/US/Hay and Forage/Square Balers/1800 Series Small Square Balers/Gallery/massey-ferguson-1800-series-square-balers-gallery-image-4.jpg/jcr:content/renditions/cq5dam.web.1280.1280.jpeg,http://www.masseyferguson.us/content/dam/Brands/Massey Ferguson/US/Hay and Forage/Square Balers/1800 Series Small Square Balers/Gallery/massey-ferguson-1800-series-square-balers-hero-gallery.jpg/jcr:content/renditions/cq5dam.web.1280.1280.jpeg,http://www.masseyferguson.us/content/dam/Brands/Massey Ferguson/US/Hay and Forage/Square Balers/1800 Series Small Square Balers/Gallery/1800-Series-Small-Square-Baler-4.jpg/jcr:content/renditions/cq5dam.web.1280.1280.jpeg","Innovation,Capability",Massey Ferguson | 1800 Series Small Square Balers
"http://www.masseyferguson.us/content/dam/Brands/Massey Ferguson/US/Hay and Forage/Round Balers/1700 Series Economy Round Balers/Gallery/Hesston_By_Massey_Ferguson_1700_Series_Economy_Round_Baler_5_1.jpg/jcr:content/renditions/cq5dam.web.1280.1280.jpeg,http://www.masseyferguson.us/content/dam/Brands/Massey Ferguson/US/Hay and Forage/Round Balers/1700 Series Economy Round Balers/Gallery/landing-massey-ferguson-1700-series-round-balers-gallery-1.jpg/jcr:content/renditions/cq5dam.web.1280.1280.jpeg,http://www.masseyferguson.us/content/dam/Brands/Massey Ferguson/US/Hay and Forage/Round Balers/1700 Series Economy Round Balers/Gallery/landing-massey-ferguson-1700-series-round-balers-gallery-3.jpg/jcr:content/renditions/cq5dam.web.1280.1280.jpeg,http://www.masseyferguson.us/content/dam/Brands/Massey Ferguson/US/Hay and Forage/Round Balers/1700 Series Economy Round Balers/Gallery/landing-massey-ferguson-1700-series-round-balers-gallery-4.jpg/jcr:content/renditions/cq5dam.web.1280.1280.jpeg,http://www.masseyferguson.us/content/dam/Brands/Massey Ferguson/US/Hay and Forage/Round Balers/1700 Series Economy Round Balers/Gallery/Hesston_By_Massey_Ferguson_1700_Series_Economy_Round_Baler_2_1.jpg/jcr:content/renditions/cq5dam.web.1280.1280.jpeg,http://www.masseyferguson.us/content/dam/Brands/Massey Ferguson/US/Hay and Forage/Round Balers/1700 Series Economy Round Balers/Gallery/landing-massey-ferguson-1700-series-round-balers-gallery-2.jpg/jcr:content/renditions/cq5dam.web.1280.1280.jpeg,http://www.masseyferguson.us/content/dam/Brands/Massey Ferguson/US/Hay and Forage/Round Balers/1700 Series Economy Round Balers/Gallery/Hesston_By_Massey_Ferguson_1700_Series_Economy_Round_Baler_3_1.jpg/jcr:content/renditions/cq5dam.web.1280.1280.jpeg","Innovation,Capability",Massey Ferguson | 1700 Series Economy Round Baler
"http://www.masseyferguson.us/content/dam/Brands/Massey Ferguson/US/Hay and Forage/Round Balers/2900 Series Round Balers/Gallery/landing-massey-ferguson-2900-series-round-balers-gallery-2.jpg/jcr:content/renditions/cq5dam.web.1280.1280.jpeg,http://www.masseyferguson.us/content/dam/Brands/Massey Ferguson/US/Hay and Forage/Round Balers/2900 Series Round Balers/Gallery/landing-massey-ferguson-2900-series-round-balers-gallery-6.jpg/jcr:content/renditions/cq5dam.web.1280.1280.jpeg,http://www.masseyferguson.us/content/dam/Brands/Massey Ferguson/US/Hay and Forage/Round Balers/2900 Series Round Balers/Gallery/landing-massey-ferguson-2900-series-round-balers-gallery-5.jpg/jcr:content/renditions/cq5dam.web.1280.1280.jpeg,http://www.masseyferguson.us/content/dam/Brands/Massey Ferguson/US/Hay and Forage/Round Balers/2900 Series Round Balers/Gallery/landing-massey-ferguson-2900-series-round-balers-6700S-mid-range-tractor-gallery-4.jpg/jcr:content/renditions/cq5dam.web.1280.1280.jpeg,http://www.masseyferguson.us/content/dam/Brands/Massey Ferguson/US/Hay and Forage/Round Balers/2900 Series Round Balers/Gallery/Hesston_By_Massey_Ferguson_2900_Series_Round_Baler_2_1.jpg/jcr:content/renditions/cq5dam.web.1280.1280.jpeg,http://www.masseyferguson.us/content/dam/Brands/Massey Ferguson/US/Hay and Forage/Round Balers/2900 Series Round Balers/Gallery/landing-massey-ferguson-2900-series-round-balers-gallery-3.jpg/jcr:content/renditions/cq5dam.web.1280.1280.jpeg,http://www.masseyferguson.us/content/dam/Brands/Massey Ferguson/US/Hay and Forage/Round Balers/2900 Series Round Balers/Gallery/landing-massey-ferguson-2900-series-round-balers-6700S-mid-range-tractor-gallery-6.jpg/jcr:content/renditions/cq5dam.web.1280.1280.jpeg","Innovation,Capability,Comfort",Massey Ferguson | 2900 Series Round Baler
,,5130 Wheel Rake
,,2370 Ultra HD Large Square Baler
"http://www.masseyferguson.us/content/dam/Brands/Massey Ferguson/US/Hay and Forage/Mowers and Conditioners/1300 Series Disc Mower Conditioners/Gallery/massey-ferguson-5700sl-midrange-tractor-1300-series-disc-mower-cutting-gallery.jpg/jcr:content/renditions/cq5dam.web.1280.1280.jpeg,http://www.masseyferguson.us/content/dam/Brands/Massey Ferguson/US/Hay and Forage/Mowers and Conditioners/1300 Series Disc Mower Conditioners/Gallery/massey-ferguson-1300-series-disc-mower-conditioner.jpg/jcr:content/renditions/cq5dam.web.1280.1280.jpeg,http://www.masseyferguson.us/content/dam/Brands/Massey Ferguson/US/Hay and Forage/Mowers and Conditioners/1300 Series Disc Mower Conditioners/Gallery/massey-ferguson-midrange-tractor-1300-series-disc-mower-cutting-gallery.jpg/jcr:content/renditions/cq5dam.web.1280.1280.jpeg,http://www.masseyferguson.us/content/dam/Brands/Massey Ferguson/US/Hay and Forage/Mowers and Conditioners/1300 Series Disc Mower Conditioners/Gallery/landing-massey-ferguson-1300-series-disc-mower-conditioner-gallery-2.jpg/jcr:content/renditions/cq5dam.web.1280.1280.jpeg,http://www.masseyferguson.us/content/dam/Brands/Massey Ferguson/US/Hay and Forage/Mowers and Conditioners/1300 Series Disc Mower Conditioners/Gallery/massey-ferguson-6700s-series-midrange-tractor-1380-series-disc-mower-cutting-2-gallery.jpg/jcr:content/renditions/cq5dam.web.1280.1280.jpeg,http://www.masseyferguson.us/content/dam/Brands/Massey Ferguson/US/Hay and Forage/Mowers and Conditioners/1300 Series Disc Mower Conditioners/Gallery/landing-massey-ferguson-1300-series-disc-mower-conditioner-gallery-1.jpg/jcr:content/renditions/cq5dam.web.1280.1280.jpeg","Innovation,Capability",Massey Ferguson | 1300 Series Disc Mower Conditioners
"http://www.masseyferguson.us/content/dam/Brands/Massey Ferguson/US/Hay and Forage/Mowers and Conditioners/farmer-series-disc-mowers/gallery/massey-ferguson-farmer-series-disc-mowers-gallery-05.jpg/jcr:content/renditions/cq5dam.web.1280.1280.jpeg,http://www.masseyferguson.us/content/dam/Brands/Massey Ferguson/US/Hay and Forage/Mowers and Conditioners/farmer-series-disc-mowers/gallery/massey-ferguson-farmer-series-disc-mowers-gallery-gallery-03.jpg/jcr:content/renditions/cq5dam.web.1280.1280.jpeg,http://www.masseyferguson.us/content/dam/Brands/Massey Ferguson/US/Hay and Forage/Mowers and Conditioners/farmer-series-disc-mowers/gallery/massey-ferguson-farmer-series-disc-mowers-gallery-04.jpg/jcr:content/renditions/cq5dam.web.1280.1280.jpeg,http://www.masseyferguson.us/content/dam/Brands/Massey Ferguson/US/Hay and Forage/Mowers and Conditioners/farmer-series-disc-mowers/gallery/massey-ferguson-farmer-series-disc-mowers-gallery-06.jpg/jcr:content/renditions/cq5dam.web.1280.1280.jpeg,http://www.masseyferguson.us/content/dam/Brands/Massey Ferguson/US/Hay and Forage/Mowers and Conditioners/farmer-series-disc-mowers/gallery/massey-ferguson-farmer-series-disc-mowers-gallery-02.jpg/jcr:content/renditions/cq5dam.web.1280.1280.jpeg,http://www.masseyferguson.us/content/dam/Brands/Massey Ferguson/US/Hay and Forage/Mowers and Conditioners/farmer-series-disc-mowers/gallery/massey-ferguson-farmer-series-disc-mowers-gallery-01.jpg/jcr:content/renditions/cq5dam.web.1280.1280.jpeg,http://www.masseyferguson.us/content/dam/Brands/Massey Ferguson/US/Hay and Forage/Mowers and Conditioners/farmer-series-disc-mowers/gallery/massey-ferguson-farmer-series-dm287-disc-mower.jpg/jcr:content/renditions/cq5dam.web.1280.1280.jpeg","Innovation,Capability",Massey Ferguson | Farmer Series Disc Mowers
"http://www.masseyferguson.us/content/dam/Brands/Massey Ferguson/US/Hay and Forage/Mowers and Conditioners/dm-series-triple-mowers/gallery/massey-ferguson-dm-series-triple-mower-dm306-close-up.jpg/jcr:content/renditions/cq5dam.web.1280.1280.jpeg,http://www.masseyferguson.us/content/dam/Brands/Massey Ferguson/US/Hay and Forage/Mowers and Conditioners/dm-series-triple-mowers/gallery/massey-ferguson-dm-series-triple-mower-mfdm9314-closeup.jpg/jcr:content/renditions/cq5dam.web.1280.1280.jpeg,http://www.masseyferguson.us/content/dam/Brands/Massey Ferguson/US/Hay and Forage/Mowers and Conditioners/dm-series-triple-mowers/gallery/massey-ferguson-dm-series-triple-mower-cutting-from-far-off.jpg/jcr:content/renditions/cq5dam.web.1280.1280.jpeg,http://www.masseyferguson.us/content/dam/Brands/Massey Ferguson/US/Hay and Forage/Mowers and Conditioners/dm-series-triple-mowers/gallery/massey-ferguson-dm-series-triple-mower-drive-guard-shear-protection.jpg/jcr:content/renditions/cq5dam.web.1280.1280.jpeg,http://www.masseyferguson.us/content/dam/Brands/Massey Ferguson/US/Hay and Forage/Mowers and Conditioners/dm-series-triple-mowers/gallery/massey-ferguson-dm-series-triple-mower-tine-conditioner.jpg/jcr:content/renditions/cq5dam.web.1280.1280.jpeg,http://www.masseyferguson.us/content/dam/Brands/Massey Ferguson/US/Hay and Forage/Mowers and Conditioners/dm-series-triple-mowers/gallery/massey-ferguson-dm-series-triple-mower-mowing-alfalfa-from-behind.jpg/jcr:content/renditions/cq5dam.web.1280.1280.jpeg,http://www.masseyferguson.us/content/dam/Brands/Massey Ferguson/US/Hay and Forage/Mowers and Conditioners/dm-series-triple-mowers/gallery/massey-ferguson-dm-series-triple-mower-mowers-folded-up.jpg/jcr:content/renditions/cq5dam.web.1280.1280.jpeg","Innovation,Capability",Massey Ferguson | DM Series Triple Mowers
,,Massey Ferguson 9200 Series Sickle Headers
"http://www.masseyferguson.us/content/dam/Brands/Massey Ferguson/US/Combine Harvesting/MF 9500 Series Axial Combines/Gallery/massey-ferguson-9500-series-combines-b2.jpg/jcr:content/renditions/cq5dam.web.1280.1280.jpeg,http://www.masseyferguson.us/content/dam/Brands/Massey Ferguson/US/Combine Harvesting/MF 9500 Series Axial Combines/Gallery/massey-ferguson-9500-series-combines-h.jpg/jcr:content/renditions/cq5dam.web.1280.1280.jpeg,http://www.masseyferguson.us/content/dam/Brands/Massey Ferguson/US/Combine Harvesting/MF 9500 Series Axial Combines/Gallery/massey-ferguson-9500-series-combines-j.jpg/jcr:content/renditions/cq5dam.web.1280.1280.jpeg,http://www.masseyferguson.us/content/dam/Brands/Massey Ferguson/US/Combine Harvesting/MF 9500 Series Axial Combines/Gallery/massey-ferguson-9500-series-combines-l.jpg/jcr:content/renditions/cq5dam.web.1280.1280.jpeg,http://www.masseyferguson.us/content/dam/Brands/Massey Ferguson/US/Combine Harvesting/MF 9500 Series Axial Combines/Gallery/massey-ferguson-9500-series-combines-a.jpg/jcr:content/renditions/cq5dam.web.1280.1280.jpeg,http://www.masseyferguson.us/content/dam/Brands/Massey Ferguson/US/Combine Harvesting/MF 9500 Series Axial Combines/Gallery/massey-ferguson-9500-series-axial-combines-2.jpg/jcr:content/renditions/cq5dam.web.1280.1280.jpeg,http://www.masseyferguson.us/content/dam/Brands/Massey Ferguson/US/Combine Harvesting/MF 9500 Series Axial Combines/Gallery/massey-ferguson-9560-series-combines.jpg/jcr:content/renditions/cq5dam.web.1280.1280.jpeg,http://www.masseyferguson.us/content/dam/Brands/Massey Ferguson/US/Combine Harvesting/MF 9500 Series Axial Combines/Gallery/massey-ferguson-9500-series-combines-i.jpg/jcr:content/renditions/cq5dam.web.1280.1280.jpeg,http://www.masseyferguson.us/content/dam/Brands/Massey Ferguson/US/Combine Harvesting/MF 9500 Series Axial Combines/Gallery/massey-ferguson-9500-series-combines-k.jpg/jcr:content/renditions/cq5dam.web.1280.1280.jpeg,http://www.masseyferguson.us/content/dam/Brands/Massey Ferguson/US/Testimonial Images/Calvin-Bush.jpg/jcr:content/renditions/original","Innovation,Capability,Comfort",Massey Ferguson | 9500 Series Axial Combines
"http://www.masseyferguson.us/content/dam/Brands/Massey Ferguson/US/Hay and Forage/Mowers and Conditioners/professional-series-disc-mowers/gallery/massey-ferguson-professional-series-disc-mowers-gallery-08.jpg/jcr:content/renditions/cq5dam.web.1280.1280.jpeg,http://www.masseyferguson.us/content/dam/Brands/Massey Ferguson/US/Hay and Forage/Mowers and Conditioners/professional-series-disc-mowers/gallery/massey-ferguson-professional-series-disc-mowers-gallery-02.jpg/jcr:content/renditions/cq5dam.web.1280.1280.jpeg,http://www.masseyferguson.us/content/dam/Brands/Massey Ferguson/US/Hay and Forage/Mowers and Conditioners/professional-series-disc-mowers/gallery/massey-ferguson-professional-series-disc-mowers-gallery-03.jpg/jcr:content/renditions/cq5dam.web.1280.1280.jpeg,http://www.masseyferguson.us/content/dam/Brands/Massey Ferguson/US/Hay and Forage/Mowers and Conditioners/professional-series-disc-mowers/gallery/massey-ferguson-professional-series-disc-mowers-gallery-06.jpg/jcr:content/renditions/cq5dam.web.1280.1280.jpeg,http://www.masseyferguson.us/content/dam/Brands/Massey Ferguson/US/Hay and Forage/Mowers and Conditioners/professional-series-disc-mowers/gallery/massey-ferguson-professional-series-disc-mowers-gallery-05.jpg/jcr:content/renditions/cq5dam.web.1280.1280.jpeg,http://www.masseyferguson.us/content/dam/Brands/Massey Ferguson/US/Hay and Forage/Mowers and Conditioners/professional-series-disc-mowers/gallery/massey-ferguson-professional-series-disc-mowers-gallery-04.jpg/jcr:content/renditions/cq5dam.web.1280.1280.jpeg,http://www.masseyferguson.us/content/dam/Brands/Massey Ferguson/US/Hay and Forage/Mowers and Conditioners/professional-series-disc-mowers/gallery/massey-ferguson-professional-series-disc-mowers-gallery-01.jpg/jcr:content/renditions/cq5dam.web.1280.1280.jpeg","Innovation,Capability",Massey Ferguson | Professional Series Disc Mowers
"http://www.masseyferguson.us/content/dam/Brands/Massey Ferguson/US/Combine Harvesting/9500-series-axial-combines/Gallery/massey-ferguson-9505-combines.jpg/jcr:content/renditions/cq5dam.web.1280.1280.jpeg,http://www.masseyferguson.us/content/dam/Brands/Massey Ferguson/US/Combine Harvesting/9500-series-axial-combines/Gallery/massey-ferguson-9565-combine-4.jpg/jcr:content/renditions/cq5dam.web.1280.1280.jpeg,http://www.masseyferguson.us/content/dam/Brands/Massey Ferguson/US/Combine Harvesting/9500-series-axial-combines/Gallery/massey-ferguson-9565-combine-7.jpg/jcr:content/renditions/cq5dam.web.1280.1280.jpeg,http://www.masseyferguson.us/content/dam/Brands/Massey Ferguson/US/Combine Harvesting/9500-series-axial-combines/Gallery/massey-ferguson-9565-combine-5.jpg/jcr:content/renditions/cq5dam.web.1280.1280.jpeg,http://www.masseyferguson.us/content/dam/Brands/Massey Ferguson/US/Combine Harvesting/9500-series-axial-combines/Gallery/massey-ferguson-9565-combine-3.jpg/jcr:content/renditions/cq5dam.web.1280.1280.jpeg,http://www.masseyferguson.us/content/dam/Brands/Massey Ferguson/US/Combine Harvesting/9500-series-axial-combines/Gallery/massey-ferguson-9565-combine-1.jpg/jcr:content/renditions/cq5dam.web.1280.1280.jpeg,http://www.masseyferguson.us/content/dam/Brands/Massey Ferguson/US/Combine Harvesting/9500-series-axial-combines/Gallery/massey-ferguson-9565-combine-2.jpg/jcr:content/renditions/cq5dam.web.1280.1280.jpeg","Innovation,Capability,Comfort",Massey Ferguson | 9505 Series Axial Combines
"http://www.masseyferguson.us/content/dam/Brands/Massey Ferguson/US/Hay and Forage/sickle-headers/9100-series/gallery/hesston-series-by-massey-ferguson-9100-series-sickle-headers-mountains.jpg/jcr:content/renditions/cq5dam.web.1280.1280.jpeg,http://www.masseyferguson.us/content/dam/Brands/Massey Ferguson/US/Hay and Forage/sickle-headers/9100-series/gallery/hesston-series-by-massey-ferguson-9100-series-sickle-headers-close-up.jpg/jcr:content/renditions/cq5dam.web.1280.1280.jpeg,http://www.masseyferguson.us/content/dam/Brands/Massey Ferguson/US/Hay and Forage/sickle-headers/9100-series/gallery/hesston-series-by-massey-ferguson-9100-series-sickle-headers-sickle.jpg/jcr:content/renditions/cq5dam.web.1280.1280.jpeg","Innovation,Capability",Massey Ferguson | 9100 Series Sickle Headers
"http://www.masseyferguson.us/content/dam/Brands/Massey Ferguson/US/Tractors/High Horsepower Tractors/8600 Series Row Crop/Gallery/massey-ferguson-8660-series-row-crop-tractor-5.jpg/jcr:content/renditions/cq5dam.web.1280.1280.jpeg,http://www.masseyferguson.us/content/dam/Brands/Massey Ferguson/US/Tractors/High Horsepower Tractors/8600 Series Row Crop/Gallery/gallery-massey-ferguson-8600-series-row-crop-tractor-3.jpg/jcr:content/renditions/cq5dam.web.1280.1280.jpeg,http://www.masseyferguson.us/content/dam/Brands/Massey Ferguson/US/Tractors/High Horsepower Tractors/8600 Series Row Crop/Gallery/gallery-massey-ferguson-8650-row-crop-tractor-series-2.jpg/jcr:content/renditions/cq5dam.web.1280.1280.jpeg,http://www.masseyferguson.us/content/dam/Brands/Massey Ferguson/US/Tractors/High Horsepower Tractors/8600 Series Row Crop/Gallery/massey-ferguson-8600-series-row-crop-tractor-2.jpg/jcr:content/renditions/cq5dam.web.1280.1280.jpeg,http://www.masseyferguson.us/content/dam/Brands/Massey Ferguson/US/Tractors/High Horsepower Tractors/8600 Series Row Crop/Gallery/gallery-massey-ferguson-8650-row-crop-tractor-series-1.jpg/jcr:content/renditions/cq5dam.web.1280.1280.jpeg,http://www.masseyferguson.us/content/dam/Brands/Massey Ferguson/US/Tractors/High Horsepower Tractors/8600 Series Row Crop/Gallery/massey-ferguson-8600-series-row-crop-tractor-3.jpg/jcr:content/renditions/cq5dam.web.1280.1280.jpeg,http://www.masseyferguson.us/content/dam/Brands/Massey Ferguson/US/Tractors/High Horsepower Tractors/8600 Series Row Crop/Gallery/massey-ferguson-8660-row-crop-tractor-series-5.jpg/jcr:content/renditions/cq5dam.web.1280.1280.jpeg,http://www.masseyferguson.us/content/dam/Brands/Massey Ferguson/US/Tractors/High Horsepower Tractors/8600 Series Row Crop/Gallery/massey-ferguson-8600-series-row-crop-tractor-1.jpg/jcr:content/renditions/cq5dam.web.1280.1280.jpeg,http://www.masseyferguson.us/content/dam/Brands/Massey Ferguson/US/Tractors/High Horsepower Tractors/8600 Series Row Crop/Gallery/massey-ferguson-8600-series--row-crop-tractor-3.jpg/jcr:content/renditions/cq5dam.web.1280.1280.jpeg,http://www.masseyferguson.us/content/dam/Brands/Massey Ferguson/US/Tractors/High Horsepower Tractors/8600 Series Row Crop/Gallery/gallery-massey-ferguson-8600-series-row-crop-tractor-4.jpg/jcr:content/renditions/cq5dam.web.1280.1280.jpeg,http://www.masseyferguson.us/content/dam/Brands/Massey Ferguson/US/Testimonial Images/testimonial-8600-quote-shawn-gingue.jpg/jcr:content/renditions/original,http://www.masseyferguson.us/content/dam/Brands/Massey Ferguson/US/Testimonial Images/testimonial-8600-quote-larry-flom.jpg/jcr:content/renditions/original,http://www.masseyferguson.us/content/dam/Brands/Massey Ferguson/US/Testimonial Images/testimonial-8600-quote-robert-dasher-2.jpg/jcr:content/renditions/original,http://www.masseyferguson.us/content/dam/Brands/Massey Ferguson/US/Testimonial Images/testimonial-8600-quote-rod-birchen.jpg/jcr:content/renditions/original,http://www.masseyferguson.us/content/dam/Brands/Massey Ferguson/US/Testimonial Images/testimonial-8600-quote-robert-dasher-2.jpg/jcr:content/renditions/original,http://www.masseyferguson.us/content/dam/Brands/Massey Ferguson/US/Testimonial Images/testimonial-8600-quote-robert-dasher.jpg/jcr:content/renditions/original,http://www.masseyferguson.us/content/dam/Brands/Massey Ferguson/US/Testimonial Images/testimonial-8600-quote-shawn-gingue.jpg/jcr:content/renditions/original,http://www.masseyferguson.us/content/dam/Brands/Massey Ferguson/US/Testimonial Images/testimonial-8600-quote-rod-birchen.jpg/jcr:content/renditions/original,http://www.masseyferguson.us/content/dam/Brands/Massey Ferguson/US/Testimonial Images/testimonial-8600-quote-shawn-gingue-2.jpg/jcr:content/renditions/original,http://www.masseyferguson.us/content/dam/Brands/Massey Ferguson/US/Testimonial Images/testimonial-8600-quote-larry-flom-2.jpg/jcr:content/renditions/original,http://www.masseyferguson.us/content/dam/Brands/Massey Ferguson/US/Testimonial Images/testimonial-8600-quote-phillip-saunders.jpg/jcr:content/renditions/original,http://www.masseyferguson.us/content/dam/Brands/Massey Ferguson/US/Testimonial Images/testimonial-8600-quote-shawn-gingue-2.jpg/jcr:content/renditions/original","Innovation,Capability,Comfort",Massey Ferguson | 8600 Series Row Crop Tractor
"http://www.masseyferguson.us/content/dam/Brands/Massey Ferguson/US/Tractors/High Horsepower Tractors/7700 Series Row Crop/gallery/massey-ferguson-7700-series-tractor-tillage.jpg/jcr:content/renditions/cq5dam.web.1280.1280.jpeg,http://www.masseyferguson.us/content/dam/Brands/Massey Ferguson/US/Tractors/High Horsepower Tractors/7700 Series Row Crop/gallery/massey-ferguson-7700-series-tractor-roading.jpg/jcr:content/renditions/cq5dam.web.1280.1280.jpeg,http://www.masseyferguson.us/content/dam/Brands/Massey Ferguson/US/Tractors/High Horsepower Tractors/7700 Series Row Crop/gallery/massey-ferguson-7700-series-tractor-loader-work.jpg/jcr:content/renditions/cq5dam.web.1280.1280.jpeg,http://www.masseyferguson.us/content/dam/Brands/Massey Ferguson/US/Tractors/High Horsepower Tractors/7700 Series Row Crop/gallery/massey-ferguson-7700-series-tractor-model-7718.jpg/jcr:content/renditions/cq5dam.web.1280.1280.jpeg,http://www.masseyferguson.us/content/dam/Brands/Massey Ferguson/US/Tractors/High Horsepower Tractors/7700 Series Row Crop/gallery/massey-ferguson-7700-series-tractor-planting.jpg/jcr:content/renditions/cq5dam.web.1280.1280.jpeg,http://www.masseyferguson.us/content/dam/Brands/Massey Ferguson/US/Tractors/High Horsepower Tractors/7700 Series Row Crop/gallery/massey-ferguson-7700-series-tractor-autoguide-3000.jpg/jcr:content/renditions/cq5dam.web.1280.1280.jpeg,http://www.masseyferguson.us/content/dam/Brands/Massey Ferguson/US/Tractors/High Horsepower Tractors/7700 Series Row Crop/gallery/massey-ferguson-7700-series-tractor.jpg/jcr:content/renditions/cq5dam.web.1280.1280.jpeg,http://www.masseyferguson.us/content/dam/Brands/Massey Ferguson/US/Tractors/High Horsepower Tractors/7700 Series Row Crop/gallery/massey-ferguson-7700-series-tractor-moving-bales.jpg/jcr:content/renditions/cq5dam.web.1280.1280.jpeg","Uptime,Performance,Ease of Use",7700 Series Row Crop Tractors
"http://www.masseyferguson.us/content/dam/Brands/Massey Ferguson/US/Tractors/MidRange Tractors/6700S-series-mid-range/gallery/Massey-Ferguson-6700S-Series-Midrange-tractor-2900-series-Baler-baling-IMG_2587.jpg/jcr:content/renditions/cq5dam.web.1280.1280.jpeg,http://www.masseyferguson.us/content/dam/Brands/Massey Ferguson/US/Tractors/MidRange Tractors/6700S-series-mid-range/gallery/Massey-Ferguson-6700S-Series-Midrange-tractor-1380-Series-disc-mower-cutting-DJI_0797.jpg/jcr:content/renditions/cq5dam.web.1280.1280.jpeg,http://www.masseyferguson.us/content/dam/Brands/Massey Ferguson/US/Tractors/MidRange Tractors/6700S-series-mid-range/gallery/Massey-Ferguson-6700S-Series-Midrange-tractor-cab-IMG_9974.jpg/jcr:content/renditions/cq5dam.web.1280.1280.jpeg,http://www.masseyferguson.us/content/dam/Brands/Massey Ferguson/US/Tractors/MidRange Tractors/6700S-series-mid-range/gallery/Massey-Ferguson-6700S-Series-Midrange-tractor-1380-Series-disc-mower-cutting-cab-DJI_0815.jpg/jcr:content/renditions/cq5dam.web.1280.1280.jpeg,http://www.masseyferguson.us/content/dam/Brands/Massey Ferguson/US/Tractors/MidRange Tractors/6700S-series-mid-range/gallery/Massey-Ferguson-6700S-Series-Midrange-tractor-2900-series-Baler-baling-IMG_0751.jpg/jcr:content/renditions/cq5dam.web.1280.1280.jpeg,http://www.masseyferguson.us/content/dam/Brands/Massey Ferguson/US/Tractors/MidRange Tractors/6700S-series-mid-range/gallery/Massey-Ferguson-6700S-Series-Midrange-tractor-2900-series-Baler-baling-IMG_0657.jpg/jcr:content/renditions/cq5dam.web.1280.1280.jpeg,http://www.masseyferguson.us/content/dam/Brands/Massey Ferguson/US/Tractors/MidRange Tractors/6700S-series-mid-range/gallery/Massey-Ferguson-6700S-Series-Midrange-tractor-1380-Series-disc-mower-cutting-IMG_1432.jpg/jcr:content/renditions/cq5dam.web.1280.1280.jpeg,http://www.masseyferguson.us/content/dam/Brands/Massey Ferguson/US/Tractors/MidRange Tractors/6700S-series-mid-range/gallery/Massey-Ferguson-6700S-Series-Midrange-tractor-2900-series-Baler-baling-IMG_0739.jpg/jcr:content/renditions/cq5dam.web.1280.1280.jpeg,http://www.masseyferguson.us/content/dam/Brands/Massey Ferguson/US/Tractors/MidRange Tractors/6700S-series-mid-range/gallery/Massey-Ferguson-6700S-Series-Midrange-tractor-2900-series-Baler-baling-IMG_0640.jpg/jcr:content/renditions/cq5dam.web.1280.1280.jpeg","Performance,Innovation,Ease of Use",Massey Ferguson | 6700S Series Mid-Range Tractors
"http://www.masseyferguson.us/content/dam/Brands/Massey Ferguson/US/Tractors/MidRange Tractors/5700SL Series Mid-Range/gallery/massey-ferguson-5700SL-series-mid-range-tractor-gallery-panel2.jpg/jcr:content/renditions/cq5dam.web.1280.1280.jpeg,http://www.masseyferguson.us/content/dam/Brands/Massey Ferguson/US/Tractors/MidRange Tractors/5700SL Series Mid-Range/gallery/massey-ferguson-5700SL-series-mid-range-tractor-gallery-panel3.jpg/jcr:content/renditions/cq5dam.web.1280.1280.jpeg,http://www.masseyferguson.us/content/dam/Brands/Massey Ferguson/US/Tractors/MidRange Tractors/5700SL Series Mid-Range/gallery/massey-ferguson-5700SL-series-mid-range-tractor-gallery-panel4.jpg/jcr:content/renditions/cq5dam.web.1280.1280.jpeg,http://www.masseyferguson.us/content/dam/Brands/Massey Ferguson/US/Tractors/MidRange Tractors/5700SL Series Mid-Range/gallery/massey-ferguson-5700SL-series-mid-range-tractor-gallery-panel5.jpg/jcr:content/renditions/cq5dam.web.1280.1280.jpeg,http://www.masseyferguson.us/content/dam/Brands/Massey Ferguson/US/Tractors/MidRange Tractors/5700SL Series Mid-Range/gallery/massey-ferguson-5700SL-series-mid-range-tractor-gallery-panel.jpg/jcr:content/renditions/cq5dam.web.1280.1280.jpeg,http://www.masseyferguson.us/content/dam/Brands/Massey Ferguson/US/Tractors/MidRange Tractors/5700SL Series Mid-Range/gallery/massey-ferguson-5700SL-series-mid-range-tractor-gallery-panel6.jpg/jcr:content/renditions/cq5dam.web.1280.1280.jpeg","Performance,Ease of Use,Comfort",5700SL Series Mid-Range Tractors | Massey Ferguson
,"Durability,Versatility,Ease of Use",Massey Ferguson | 6700 Series Mid-Range Tractors
"http://www.masseyferguson.us/content/dam/Brands/Massey Ferguson/US/Tractors/High Horsepower Tractors/8700 Series Row Crop/Gallery/massey-ferguson-8730-series-row-crop-tractor-8.jpg/jcr:content/renditions/cq5dam.web.1280.1280.jpeg,http://www.masseyferguson.us/content/dam/Brands/Massey Ferguson/US/Tractors/High Horsepower Tractors/8700 Series Row Crop/Gallery/massey-ferguson-8730-series-row-crop-tractor-9.jpg/jcr:content/renditions/cq5dam.web.1280.1280.jpeg,http://www.masseyferguson.us/content/dam/Brands/Massey Ferguson/US/Tractors/High Horsepower Tractors/8700 Series Row Crop/Gallery/massey-ferguson-8730-series-row-crop-tractor-6.jpg/jcr:content/renditions/cq5dam.web.1280.1280.jpeg,http://www.masseyferguson.us/content/dam/Brands/Massey Ferguson/US/Tractors/High Horsepower Tractors/8700 Series Row Crop/Gallery/massey-ferguson-8700-series-row-crop-tractor-5.jpg/jcr:content/renditions/cq5dam.web.1280.1280.jpeg,http://www.masseyferguson.us/content/dam/Brands/Massey Ferguson/US/Tractors/High Horsepower Tractors/8700 Series Row Crop/Gallery/massey-ferguson-8700-series-row-crop-tractor-7.jpg/jcr:content/renditions/cq5dam.web.1280.1280.jpeg,http://www.masseyferguson.us/content/dam/Brands/Massey Ferguson/US/Tractors/High Horsepower Tractors/8700 Series Row Crop/Gallery/massey-ferguson-8730-row-crop-series-tractor-2270XD-LSB.jpg/jcr:content/renditions/cq5dam.web.1280.1280.jpeg,http://www.masseyferguson.us/content/dam/Brands/Massey Ferguson/US/Tractors/High Horsepower Tractors/8700 Series Row Crop/Gallery/massey-ferguson-8730-row-crop-series-tractor-tilling.jpg/jcr:content/renditions/cq5dam.web.1280.1280.jpeg,http://www.masseyferguson.us/content/dam/Brands/Massey Ferguson/US/Tractors/High Horsepower Tractors/8700 Series Row Crop/Gallery/massey-ferguson-8730-series-row-crop-tractor-1.jpg/jcr:content/renditions/cq5dam.web.1280.1280.jpeg,http://www.masseyferguson.us/content/dam/Brands/Massey Ferguson/US/Tractors/High Horsepower Tractors/8700 Series Row Crop/Gallery/massey-ferguson-8730-row-crop-series-tractor-pulling-sunflower-tillage.jpg/jcr:content/renditions/cq5dam.web.1280.1280.jpeg,http://www.masseyferguson.us/content/dam/Brands/Massey Ferguson/US/Tractors/High Horsepower Tractors/8700 Series Row Crop/Gallery/massey-ferguson-8700-series-row-crop-tractor-10.jpg/jcr:content/renditions/cq5dam.web.1280.1280.jpeg,http://www.masseyferguson.us/content/dam/Brands/Massey Ferguson/US/Testimonial Images/testimonial-8600-quote-tharran-gaines.jpg/jcr:content/renditions/original","Innovation,Capability,Comfort",Massey Ferguson | 8700 Series Row Crop Tractor
"http://www.masseyferguson.us/content/dam/Brands/Massey Ferguson/US/Tractors/MidRange Tractors/6600 Series Mid-Range/Gallery/massey-ferguson-6600-series-6-tractors.jpg/jcr:content/renditions/cq5dam.web.1280.1280.jpeg,http://www.masseyferguson.us/content/dam/Brands/Massey Ferguson/US/Tractors/MidRange Tractors/6600 Series Mid-Range/Gallery/massey-ferguson-6600-series-12-tractors.jpg/jcr:content/renditions/cq5dam.web.1280.1280.jpeg,http://www.masseyferguson.us/content/dam/Brands/Massey Ferguson/US/Tractors/MidRange Tractors/6600 Series Mid-Range/Gallery/massey-ferguson-6600-series-2-tractors.jpg/jcr:content/renditions/cq5dam.web.1280.1280.jpeg,http://www.masseyferguson.us/content/dam/Brands/Massey Ferguson/US/Tractors/MidRange Tractors/6600 Series Mid-Range/Gallery/massey-ferguson-6600-series-5-tractors.jpg/jcr:content/renditions/cq5dam.web.1280.1280.jpeg,http://www.masseyferguson.us/content/dam/Brands/Massey Ferguson/US/Tractors/MidRange Tractors/6600 Series Mid-Range/Gallery/massey-ferguson-6600-series-7-tractors.jpg/jcr:content/renditions/cq5dam.web.1280.1280.jpeg,http://www.masseyferguson.us/content/dam/Brands/Massey Ferguson/US/Tractors/MidRange Tractors/6600 Series Mid-Range/Gallery/massey-ferguson-6600-series-14-tractors.jpg/jcr:content/renditions/cq5dam.web.1280.1280.jpeg,http://www.masseyferguson.us/content/dam/Brands/Massey Ferguson/US/Tractors/MidRange Tractors/6600 Series Mid-Range/Gallery/massey-ferguson-6600-series-1-tractors.jpg/jcr:content/renditions/cq5dam.web.1280.1280.jpeg,http://www.masseyferguson.us/content/dam/Brands/Massey Ferguson/US/Tractors/MidRange Tractors/6600 Series Mid-Range/Gallery/massey-ferguson-6600-series-10-tractors.jpg/jcr:content/renditions/cq5dam.web.1280.1280.jpeg,http://www.masseyferguson.us/content/dam/Brands/Massey Ferguson/US/Tractors/MidRange Tractors/6600 Series Mid-Range/Gallery/massey-ferguson-6600-series-2.jpg/jcr:content/renditions/cq5dam.web.1280.1280.jpeg,http://www.masseyferguson.us/content/dam/Brands/Massey Ferguson/US/Tractors/MidRange Tractors/6600 Series Mid-Range/Gallery/massey-ferguson-6600-series-3-tractors.jpg/jcr:content/renditions/cq5dam.web.1280.1280.jpeg,http://www.masseyferguson.us/content/dam/Brands/Massey Ferguson/US/Tractors/MidRange Tractors/6600 Series Mid-Range/Gallery/massey-ferguson-6600-series-tractor-cab-deluxe.jpg/jcr:content/renditions/cq5dam.web.1280.1280.jpeg,http://www.masseyferguson.us/content/dam/Brands/Massey Ferguson/US/Tractors/MidRange Tractors/6600 Series Mid-Range/Gallery/massey-ferguson-6600-series-11-tractors.jpg/jcr:content/renditions/cq5dam.web.1280.1280.jpeg,http://www.masseyferguson.us/content/dam/Brands/Massey Ferguson/US/Tractors/MidRange Tractors/6600 Series Mid-Range/Gallery/massey-ferguson-6600-series-4-tractors.jpg/jcr:content/renditions/cq5dam.web.1280.1280.jpeg,http://www.masseyferguson.us/content/dam/Brands/Massey Ferguson/US/Tractors/MidRange Tractors/6600 Series Mid-Range/Gallery/massey-ferguson-6600-series-9-tractors.jpg/jcr:content/renditions/cq5dam.web.1280.1280.jpeg,http://www.masseyferguson.us/content/dam/Brands/Massey Ferguson/US/Tractors/MidRange Tractors/6600 Series Mid-Range/Gallery/massey-ferguson-6600-series-tractor-cab-classic.jpg/jcr:content/renditions/cq5dam.web.1280.1280.jpeg","Innovation,Capability,Comfort",Massey Ferguson | 6600 Series Mid-Range Tractor
"http://www.masseyferguson.us/content/dam/Brands/Massey Ferguson/US/Tractors/High Horsepower Tractors/7600 Series Row Crop/Gallery/massey-ferguson-7600-series-row-crop-tractor-8.jpg/jcr:content/renditions/cq5dam.web.1280.1280.jpeg,http://www.masseyferguson.us/content/dam/Brands/Massey Ferguson/US/Tractors/High Horsepower Tractors/7600 Series Row Crop/Gallery/MF-7600-Series-MAS-0245-154.jpg/jcr:content/renditions/cq5dam.web.1280.1280.jpeg,http://www.masseyferguson.us/content/dam/Brands/Massey Ferguson/US/Tractors/High Horsepower Tractors/7600 Series Row Crop/Gallery/massey-ferguson-7600-series-row-crop-tractor-7.jpg/jcr:content/renditions/cq5dam.web.1280.1280.jpeg,http://www.masseyferguson.us/content/dam/Brands/Massey Ferguson/US/Tractors/High Horsepower Tractors/7600 Series Row Crop/Gallery/massey-ferguson-7600-series-row-crop-tractor-9.jpg/jcr:content/renditions/cq5dam.web.1280.1280.jpeg,http://www.masseyferguson.us/content/dam/Brands/Massey Ferguson/US/Tractors/High Horsepower Tractors/7600 Series Row Crop/Gallery/massey-ferguson-7600-series-row-crop-tractor-3-(1).jpg/jcr:content/renditions/cq5dam.web.1280.1280.jpeg,http://www.masseyferguson.us/content/dam/Brands/Massey Ferguson/US/Tractors/High Horsepower Tractors/7600 Series Row Crop/Gallery/massey-ferguson-7600-series-row-crop-tractor-1.jpg/jcr:content/renditions/cq5dam.web.1280.1280.jpeg,http://www.masseyferguson.us/content/dam/Brands/Massey Ferguson/US/Tractors/High Horsepower Tractors/7600 Series Row Crop/Gallery/massey-ferguson-7600-series-row-crop-tractor-5.jpg/jcr:content/renditions/cq5dam.web.1280.1280.jpeg,http://www.masseyferguson.us/content/dam/Brands/Massey Ferguson/US/Tractors/High Horsepower Tractors/7600 Series Row Crop/Gallery/massey-ferguson-7600-series-row-crop-tractor-6.jpg/jcr:content/renditions/cq5dam.web.1280.1280.jpeg,http://www.masseyferguson.us/content/dam/Brands/Massey Ferguson/US/Tractors/High Horsepower Tractors/7600 Series Row Crop/Gallery/massey-ferguson-7600-series-row-crop-tractor-2.jpg/jcr:content/renditions/cq5dam.web.1280.1280.jpeg,http://www.masseyferguson.us/content/dam/Brands/Massey Ferguson/US/Tractors/High Horsepower Tractors/7600 Series Row Crop/Gallery/massey-ferguson-7600-series-row-crop-tractor-3.jpg/jcr:content/renditions/cq5dam.web.1280.1280.jpeg,http://www.masseyferguson.us/content/dam/Brands/Massey Ferguson/US/Testimonial Images/testimonial-7600-quote-matt-mcdonald.jpg/jcr:content/renditions/original,http://www.masseyferguson.us/content/dam/Brands/Massey Ferguson/US/Testimonial Images/testimonial-7600-quote-charles-hesse.jpg/jcr:content/renditions/original,http://www.masseyferguson.us/content/dam/Brands/Massey Ferguson/US/Testimonial Images/testimonial-7600-quote-mike-alvin.jpg/jcr:content/renditions/original,http://www.masseyferguson.us/content/dam/Brands/Massey Ferguson/US/Testimonial Images/testimonial-7600-quote-ismael-villeneuve.jpg/jcr:content/renditions/original","Innovation,Capability,Comfort",Massey Ferguson | 7600 Series Row Crop Tractor
,"Performance,Versatility,Ease of Use",Massey Ferguson | 4610M HC High-Clearance Tractor
"http://www.masseyferguson.us/content/dam/Brands/Massey Ferguson/US/Tractors/Utility Tractors/4700 Series/Gallery/massey-ferguson-4700-gallery-mowing.jpg/jcr:content/renditions/cq5dam.web.1280.1280.jpeg,http://www.masseyferguson.us/content/dam/Brands/Massey Ferguson/US/Tractors/Utility Tractors/4700 Series/Gallery/massey-ferguson-4700-global-series-cab-tractor.jpg/jcr:content/renditions/cq5dam.web.1280.1280.jpeg,http://www.masseyferguson.us/content/dam/Brands/Massey Ferguson/US/Tractors/Utility Tractors/4700 Series/Gallery/Massey-Ferguson-4700-tractor-3.jpg/jcr:content/renditions/cq5dam.web.1280.1280.jpeg,http://www.masseyferguson.us/content/dam/Brands/Massey Ferguson/US/Tractors/Utility Tractors/4700 Series/Gallery/Massey-Ferguson-4700-tractor-5.jpg/jcr:content/renditions/cq5dam.web.1280.1280.jpeg,http://www.masseyferguson.us/content/dam/Brands/Massey Ferguson/US/Tractors/Utility Tractors/4700 Series/Gallery/massey-ferguson-4700-gallery-round-baling.jpg/jcr:content/renditions/cq5dam.web.1280.1280.jpeg,http://www.masseyferguson.us/content/dam/Brands/Massey Ferguson/US/Tractors/Utility Tractors/4700 Series/Gallery/massey-ferguson-4700-global-series-cab-tractor-gallery-image.jpg/jcr:content/renditions/cq5dam.web.1280.1280.jpeg,http://www.masseyferguson.us/content/dam/Brands/Massey Ferguson/US/Tractors/Utility Tractors/4700 Series/Gallery/massey-ferguson-4700-gallery-mowing-rear.jpg/jcr:content/renditions/cq5dam.web.1280.1280.jpeg,http://www.masseyferguson.us/content/dam/Brands/Massey Ferguson/US/Tractors/Utility Tractors/4700 Series/Gallery/massey-ferguson-4700-gallery-cutting-hay.jpg/jcr:content/renditions/cq5dam.web.1280.1280.jpeg,http://www.masseyferguson.us/content/dam/Brands/Massey Ferguson/US/Tractors/Utility Tractors/4700 Series/Gallery/massey-ferguson-4700-global-series-cab-tractor-with-bale-spears.jpg/jcr:content/renditions/cq5dam.web.1280.1280.jpeg,http://www.masseyferguson.us/content/dam/Brands/Massey Ferguson/US/Tractors/Utility Tractors/4700 Series/Gallery/massey-ferguson-4700-gallery-square-baling.jpg/jcr:content/renditions/cq5dam.web.1280.1280.jpeg,http://www.masseyferguson.us/content/dam/Brands/Massey Ferguson/US/Tractors/Utility Tractors/4700 Series/Gallery/Massey-Ferguson-4700-tractor-4.jpg/jcr:content/renditions/cq5dam.web.1280.1280.jpeg","Durability,Stability,Ease of Use",Massey Ferguson | 4700 Series Utility Tractor
"http://www.masseyferguson.us/content/dam/Brands/Massey Ferguson/US/Tractors/Utility Tractors/2600 Series Utility/Gallery/massey-ferguson-2600-series-utility-tractor-2.jpg/jcr:content/renditions/cq5dam.web.1280.1280.jpeg,http://www.masseyferguson.us/content/dam/Brands/Massey Ferguson/US/Tractors/Utility Tractors/2600 Series Utility/Gallery/MF-2635-MAS-0211-294.jpg/jcr:content/renditions/cq5dam.web.1280.1280.jpeg,http://www.masseyferguson.us/content/dam/Brands/Massey Ferguson/US/Tractors/Utility Tractors/2600 Series Utility/Gallery/massey-ferguson-2600-series-utility-tractor-5.jpg/jcr:content/renditions/cq5dam.web.1280.1280.jpeg,http://www.masseyferguson.us/content/dam/Brands/Massey Ferguson/US/Tractors/Utility Tractors/2600 Series Utility/Gallery/massey-ferguson-2635-utility-tractor-2.jpg/jcr:content/renditions/cq5dam.web.1280.1280.jpeg,http://www.masseyferguson.us/content/dam/Brands/Massey Ferguson/US/Tractors/Utility Tractors/2600 Series Utility/Gallery/massey-ferguson-2615-utility-tractor-7.jpg/jcr:content/renditions/cq5dam.web.1280.1280.jpeg,http://www.masseyferguson.us/content/dam/Brands/Massey Ferguson/US/Tractors/Utility Tractors/2600 Series Utility/Gallery/MF-2635-and-2680HD-MAS-0211-334.jpg/jcr:content/renditions/cq5dam.web.1280.1280.jpeg,http://www.masseyferguson.us/content/dam/Brands/Massey Ferguson/US/Tractors/Utility Tractors/2600 Series Utility/Gallery/massey-ferguson-2600-series-utility-tractor-night-work.jpg/jcr:content/renditions/cq5dam.web.1280.1280.jpeg,http://www.masseyferguson.us/content/dam/Brands/Massey Ferguson/US/Tractors/Utility Tractors/2600 Series Utility/Gallery/massey-ferguson-2635-utility-tractor-3.jpg/jcr:content/renditions/cq5dam.web.1280.1280.jpeg,http://www.masseyferguson.us/content/dam/Brands/Massey Ferguson/US/Tractors/Utility Tractors/2600 Series Utility/Gallery/massey-ferguson-2635-utility-tractor-1.jpg/jcr:content/renditions/cq5dam.web.1280.1280.jpeg,http://www.masseyferguson.us/content/dam/Brands/Massey Ferguson/US/Testimonial Images/testimonial-2600-quote-arthur-black.jpg/jcr:content/renditions/original,http://www.masseyferguson.us/content/dam/Brands/Massey Ferguson/US/Testimonial Images/testimonial-2600-quote-arthur-black.jpg/jcr:content/renditions/original","Innovation,Capability,Comfort",2600 Series Utility Tractors | Massey Ferguson
"http://www.masseyferguson.us/content/dam/Brands/Massey Ferguson/US/Tractors/Utility Tractors/2700E Series/gallery/massey-ferguson-2700e-series-tractor-DSC_3001.jpg/jcr:content/renditions/cq5dam.web.1280.1280.jpeg,http://www.masseyferguson.us/content/dam/Brands/Massey Ferguson/US/Tractors/Utility Tractors/2700E Series/gallery/massey-ferguson-2700e-series-tractor-DSC_1683.jpg/jcr:content/renditions/cq5dam.web.1280.1280.jpeg,http://www.masseyferguson.us/content/dam/Brands/Massey Ferguson/US/Tractors/Utility Tractors/2700E Series/gallery/massey-ferguson-2700e-series-tractor-DSC_2689.jpg/jcr:content/renditions/cq5dam.web.1280.1280.jpeg,http://www.masseyferguson.us/content/dam/Brands/Massey Ferguson/US/Tractors/Utility Tractors/2700E Series/gallery/massey-ferguson-2700e-series-tractor-DSC_0231.jpg/jcr:content/renditions/cq5dam.web.1280.1280.jpeg,http://www.masseyferguson.us/content/dam/Brands/Massey Ferguson/US/Tractors/Utility Tractors/2700E Series/gallery/massey-ferguson-2700e-series-tractor-DSC_0067.jpg/jcr:content/renditions/cq5dam.web.1280.1280.jpeg","Versatility,Comfort,Ease of Use",Massey Ferguson | 2700E Series Utility Tractor
,"Durability,Versatility,Ease of Use",Massey Ferguson | 5700 Series Mid-Range Tractors
"http://www.masseyferguson.us/content/dam/Brands/Massey Ferguson/US/Tractors/Utility Tractors/4600m-series-utility/Gallery/massey-ferguson-4600m-series-with-1745.jpg/jcr:content/renditions/cq5dam.web.1280.1280.jpeg,http://www.masseyferguson.us/content/dam/Brands/Massey Ferguson/US/Tractors/Utility Tractors/4600m-series-utility/Gallery/massey-ferguson-4600m-series-with-loader.jpg/jcr:content/renditions/cq5dam.web.1280.1280.jpeg,http://www.masseyferguson.us/content/dam/Brands/Massey Ferguson/US/Tractors/Utility Tractors/4600m-series-utility/Gallery/massey-ferguson-4600m-series-with-931x-loader.jpg/jcr:content/renditions/cq5dam.web.1280.1280.jpeg,http://www.masseyferguson.us/content/dam/Brands/Massey Ferguson/US/Tractors/Utility Tractors/4600m-series-utility/Gallery/massey-ferguson-4600m-series-hay.jpg/jcr:content/renditions/cq5dam.web.1280.1280.jpeg,http://www.masseyferguson.us/content/dam/Brands/Massey Ferguson/US/Tractors/Utility Tractors/4600m-series-utility/Gallery/massey-ferguson-4600m-series-barn.jpg/jcr:content/renditions/cq5dam.web.1280.1280.jpeg,http://www.masseyferguson.us/content/dam/Brands/Massey Ferguson/US/Tractors/Utility Tractors/4600m-series-utility/Gallery/massey-ferguson-4600m-series-with-1840-and-loader.jpg/jcr:content/renditions/cq5dam.web.1280.1280.jpeg","Comfort,Versatility,Visibility",Massey Ferguson | 4600M Series Utility Tractor
"http://www.masseyferguson.us/content/dam/Brands/Massey Ferguson/US/Tractors/Compact Tractors/1700E Series Economy/Gallery/massey-ferguson-1739E-series-economy-compact-tractor-16.jpg/jcr:content/renditions/cq5dam.web.1280.1280.jpeg,http://www.masseyferguson.us/content/dam/Brands/Massey Ferguson/US/Tractors/Compact Tractors/1700E Series Economy/Gallery/massey-ferguson-1700-economy-series-compact-tractor-b.jpg/jcr:content/renditions/cq5dam.web.1280.1280.jpeg,http://www.masseyferguson.us/content/dam/Brands/Massey Ferguson/US/Tractors/Compact Tractors/1700E Series Economy/Gallery/massey-ferguson-1700-economy-series-compact-tractor-a.jpg/jcr:content/renditions/cq5dam.web.1280.1280.jpeg","Innovation,Capability,Comfort",Massey Ferguson | 1700E Series Economy Tractor
"http://www.masseyferguson.us/content/dam/Brands/Massey Ferguson/US/Tractors/Compact Tractors/1700 Premium Compact/Gallery/massey-ferguson-1700-series-compact-tractor-with-dl125-loader-and-cb75-backhoe.jpg/jcr:content/renditions/cq5dam.web.1280.1280.jpeg,http://www.masseyferguson.us/content/dam/Brands/Massey Ferguson/US/Tractors/Compact Tractors/1700 Premium Compact/Gallery/massey-ferguson-1742-series-premium-compact-tractor-with-tedder.jpg/jcr:content/renditions/cq5dam.web.1280.1280.jpeg,http://www.masseyferguson.us/content/dam/Brands/Massey Ferguson/US/Tractors/Compact Tractors/1700 Premium Compact/Gallery/massey-ferguson-1700-series-compact-tractor-leveling-with-box-blade.jpg/jcr:content/renditions/cq5dam.web.1280.1280.jpeg,http://www.masseyferguson.us/content/dam/Brands/Massey Ferguson/US/Tractors/Compact Tractors/1700 Premium Compact/Gallery/massey-ferguson-1700-series-compact-tractor-with-dl125-loader.jpg/jcr:content/renditions/cq5dam.web.1280.1280.jpeg,http://www.masseyferguson.us/content/dam/Brands/Massey Ferguson/US/Tractors/Compact Tractors/1700 Premium Compact/Gallery/massey-ferguson-cb75-backhoe.jpg/jcr:content/renditions/cq5dam.web.1280.1280.jpeg,http://www.masseyferguson.us/content/dam/Brands/Massey Ferguson/US/Tractors/Compact Tractors/1700 Premium Compact/Gallery/massey-ferguson-1742-series-premium-compact-tractor-9.jpg/jcr:content/renditions/cq5dam.web.1280.1280.jpeg,http://www.masseyferguson.us/content/dam/Brands/Massey Ferguson/US/Tractors/Compact Tractors/1700 Premium Compact/Gallery/massey-ferguson-1742-premium-compact-tractor-17.jpg/jcr:content/renditions/cq5dam.web.1280.1280.jpeg,http://www.masseyferguson.us/content/dam/Brands/Massey Ferguson/US/Tractors/Compact Tractors/1700 Premium Compact/Gallery/massey-ferguson-1700-series-premium-compact-tractor-4.jpg/jcr:content/renditions/cq5dam.web.1280.1280.jpeg,http://www.masseyferguson.us/content/dam/Brands/Massey Ferguson/US/Tractors/Compact Tractors/1700 Premium Compact/Gallery/massey-ferguson-1700-series-premium-compact-tractor-18.jpg/jcr:content/renditions/cq5dam.web.1280.1280.jpeg","Innovation,Capability,Comfort",Massey Ferguson | 1700 Series Premium Compact Tractor
"http://www.masseyferguson.us/content/dam/Brands/Massey Ferguson/US/Tractors/Compact Tractors/1700MSeriesCompact/Gallery/massey-ferguson-1700M-horse-applications-LeSeuer-MN-August-2018-IMG-8016.jpg/jcr:content/renditions/cq5dam.web.1280.1280.jpeg,http://www.masseyferguson.us/content/dam/Brands/Massey Ferguson/US/Tractors/Compact Tractors/1700MSeriesCompact/Gallery/MF18D002CR-1700M-web-updates-header.jpg/jcr:content/renditions/cq5dam.web.1280.1280.jpeg,http://www.masseyferguson.us/content/dam/Brands/Massey Ferguson/US/Tractors/Compact Tractors/1700MSeriesCompact/Gallery/MF18D002CR-1700M-web-updates-capability.jpg/jcr:content/renditions/cq5dam.web.1280.1280.jpeg,http://www.masseyferguson.us/content/dam/Brands/Massey Ferguson/US/Tractors/Compact Tractors/1700MSeriesCompact/Gallery/massey-ferguson-1700M-horse-applications-LeSeuer-MN-August-2018-IMG-9595.jpg/jcr:content/renditions/cq5dam.web.1280.1280.jpeg,http://www.masseyferguson.us/content/dam/Brands/Massey Ferguson/US/Tractors/Compact Tractors/1700MSeriesCompact/Gallery/massey-ferguson-1700M-with-tiller-LeSeuer-MN-August-2018-IMG-9886.jpg/jcr:content/renditions/cq5dam.web.1280.1280.jpeg,http://www.masseyferguson.us/content/dam/Brands/Massey Ferguson/US/Tractors/Compact Tractors/1700MSeriesCompact/Gallery/massey-ferguson-1700M-with-tiller-LeSeuer-MN-August-2018-IMG-9918.jpg/jcr:content/renditions/cq5dam.web.1280.1280.jpeg,http://www.masseyferguson.us/content/dam/Brands/Massey Ferguson/US/Tractors/Compact Tractors/1700MSeriesCompact/Gallery/massey-ferguson-1700M-horse-applications-LeSeuer-MN-August-2018-IMG-8676.jpg/jcr:content/renditions/cq5dam.web.1280.1280.jpeg,http://www.masseyferguson.us/content/dam/Brands/Massey Ferguson/US/Tractors/Compact Tractors/1700MSeriesCompact/Gallery/massey-ferguson-1700M-horse-applications-LeSeuer-MN-August-2018-IMG-8117.jpg/jcr:content/renditions/cq5dam.web.1280.1280.jpeg","Versatility,Capability,Comfort",Massey Ferguson | 1700M Series Compact Tractor
"http://www.masseyferguson.us/content/dam/Brands/Massey Ferguson/US/Tractors/Utility Tractors/2600h-series/gallery/massey-ferguson-2600H-compact-tractor-gallery-panel5.jpg/jcr:content/renditions/cq5dam.web.1280.1280.jpeg,http://www.masseyferguson.us/content/dam/Brands/Massey Ferguson/US/Tractors/Utility Tractors/2600h-series/gallery/massey-ferguson-2600H-compact-tractor-gallery-panel1.jpg/jcr:content/renditions/cq5dam.web.1280.1280.jpeg,http://www.masseyferguson.us/content/dam/Brands/Massey Ferguson/US/Tractors/Utility Tractors/2600h-series/gallery/massey-ferguson-2600H-compact-tractor-gallery-panel4.jpg/jcr:content/renditions/cq5dam.web.1280.1280.jpeg,http://www.masseyferguson.us/content/dam/Brands/Massey Ferguson/US/Tractors/Utility Tractors/2600h-series/gallery/massey-ferguson-2600H-compact-tractor-gallery-panel3.jpg/jcr:content/renditions/cq5dam.web.1280.1280.jpeg,http://www.masseyferguson.us/content/dam/Brands/Massey Ferguson/US/Tractors/Utility Tractors/2600h-series/gallery/massey-ferguson-2600H-compact-tractor-gallery-panel2.jpg/jcr:content/renditions/cq5dam.web.1280.1280.jpeg","Versatility,Ease of Use,Comfort",2600H Series Utility Tractor | Massey Ferguson
"http://www.masseyferguson.us/content/dam/Brands/Massey Ferguson/US/Tractors/MidRange Tractors/5600 Series Mid-Range/Gallery/massey-ferguson-5600-series-tractor-9.jpg/jcr:content/renditions/cq5dam.web.1280.1280.jpeg,http://www.masseyferguson.us/content/dam/Brands/Massey Ferguson/US/Tractors/MidRange Tractors/5600 Series Mid-Range/Gallery/massey-ferguson-5610-series-tractor-interior-seating.jpg/jcr:content/renditions/cq5dam.web.1280.1280.jpeg,http://www.masseyferguson.us/content/dam/Brands/Massey Ferguson/US/Tractors/MidRange Tractors/5600 Series Mid-Range/Gallery/massey-ferguson-5600-series-tractor-a.jpg/jcr:content/renditions/cq5dam.web.1280.1280.jpeg,http://www.masseyferguson.us/content/dam/Brands/Massey Ferguson/US/Tractors/MidRange Tractors/5600 Series Mid-Range/Gallery/massey-ferguson-5600-series-tractor-3.jpg/jcr:content/renditions/cq5dam.web.1280.1280.jpeg,http://www.masseyferguson.us/content/dam/Brands/Massey Ferguson/US/Tractors/MidRange Tractors/5600 Series Mid-Range/Gallery/massey-ferguson-5600-series-tractor-5.jpg/jcr:content/renditions/cq5dam.web.1280.1280.jpeg,http://www.masseyferguson.us/content/dam/Brands/Massey Ferguson/US/Tractors/MidRange Tractors/5600 Series Mid-Range/Gallery/massey-ferguson-5600-series-tractor-interior.jpg/jcr:content/renditions/cq5dam.web.1280.1280.jpeg,http://www.masseyferguson.us/content/dam/Brands/Massey Ferguson/US/Tractors/MidRange Tractors/5600 Series Mid-Range/Gallery/massey-ferguson-5600-series-tractor-d.jpg/jcr:content/renditions/cq5dam.web.1280.1280.jpeg,http://www.masseyferguson.us/content/dam/Brands/Massey Ferguson/US/Tractors/MidRange Tractors/5600 Series Mid-Range/Gallery/massey-ferguson-5600-series-tractor-2.jpg/jcr:content/renditions/cq5dam.web.1280.1280.jpeg,http://www.masseyferguson.us/content/dam/Brands/Massey Ferguson/US/Tractors/MidRange Tractors/5600 Series Mid-Range/Gallery/massey-ferguson-5600-series-tractor-6.jpg/jcr:content/renditions/cq5dam.web.1280.1280.jpeg,http://www.masseyferguson.us/content/dam/Brands/Massey Ferguson/US/Tractors/MidRange Tractors/5600 Series Mid-Range/Gallery/massey-ferguson-5600-series-tractor-b.jpg/jcr:content/renditions/cq5dam.web.1280.1280.jpeg,http://www.masseyferguson.us/content/dam/Brands/Massey Ferguson/US/Tractors/MidRange Tractors/5600 Series Mid-Range/Gallery/massey-ferguson-5600-series-tractor-cab.jpg/jcr:content/renditions/cq5dam.web.1280.1280.jpeg,http://www.masseyferguson.us/content/dam/Brands/Massey Ferguson/US/Testimonial Images/testimonial-5600-quote-sam-geesaman.jpg/jcr:content/renditions/original","Innovation,Capability,Comfort",Massey Ferguson | 5600 Series Mid-Range Tractor
"http://www.masseyferguson.us/content/dam/Brands/Massey Ferguson/US/Tractors/Utility Tractors/4600 Series Utility/Gallery/massey-ferguson-4600-series-utility-tractor-5.jpg/jcr:content/renditions/cq5dam.web.1280.1280.jpeg,http://www.masseyferguson.us/content/dam/Brands/Massey Ferguson/US/Tractors/Utility Tractors/4600 Series Utility/Gallery/massey-ferguson-4608-utility-tractor-delivering-cow-feed.jpg/jcr:content/renditions/cq5dam.web.1280.1280.jpeg,http://www.masseyferguson.us/content/dam/Brands/Massey Ferguson/US/Tractors/Utility Tractors/4600 Series Utility/Gallery/massey-ferguson-4600-series-utility-tractor-3.jpg/jcr:content/renditions/cq5dam.web.1280.1280.jpeg,http://www.masseyferguson.us/content/dam/Brands/Massey Ferguson/US/Tractors/Utility Tractors/4600 Series Utility/Gallery/MF-4610-02-of-45.jpg/jcr:content/renditions/cq5dam.web.1280.1280.jpeg,http://www.masseyferguson.us/content/dam/Brands/Massey Ferguson/US/Tractors/Utility Tractors/4600 Series Utility/Gallery/massey-ferguson-4600-series-utility-tractor-working-with-square-baler.jpg/jcr:content/renditions/cq5dam.web.1280.1280.jpeg,http://www.masseyferguson.us/content/dam/Brands/Massey Ferguson/US/Tractors/Utility Tractors/4600 Series Utility/Gallery/massey-ferguson-4600-series-utility-tractor-4.jpg/jcr:content/renditions/cq5dam.web.1280.1280.jpeg,http://www.masseyferguson.us/content/dam/Brands/Massey Ferguson/US/Tractors/Utility Tractors/4600 Series Utility/Gallery/massey-ferguson-4610lp-tractor-with-931x-loader-01.jpg/jcr:content/renditions/cq5dam.web.1280.1280.jpeg,http://www.masseyferguson.us/content/dam/Brands/Massey Ferguson/US/Tractors/Utility Tractors/4600 Series Utility/Gallery/massey-ferguson-4609-series-utility-tractor-steering-wheel.jpg/jcr:content/renditions/cq5dam.web.1280.1280.jpeg,http://www.masseyferguson.us/content/dam/Brands/Massey Ferguson/US/Tractors/Utility Tractors/4600 Series Utility/Gallery/massey-ferguson-4600-series-utility-tractor-2.jpg/jcr:content/renditions/cq5dam.web.1280.1280.jpeg,http://www.masseyferguson.us/content/dam/Brands/Massey Ferguson/US/Tractors/Utility Tractors/4600 Series Utility/Gallery/MF-4610-22-of-45.jpg/jcr:content/renditions/cq5dam.web.1280.1280.jpeg,http://www.masseyferguson.us/content/dam/Brands/Massey Ferguson/US/Tractors/Utility Tractors/4600 Series Utility/Gallery/massey-ferguson-4600-series-utility-tractor-interior-view.jpg/jcr:content/renditions/cq5dam.web.1280.1280.jpeg,http://www.masseyferguson.us/content/dam/Brands/Massey Ferguson/US/Tractors/Utility Tractors/4600 Series Utility/Gallery/massey-ferguson-4610lp-tractor-with-931x-loader-02.jpg/jcr:content/renditions/cq5dam.web.1280.1280.jpeg,http://www.masseyferguson.us/content/dam/Brands/Massey Ferguson/US/Tractors/Utility Tractors/4600 Series Utility/Gallery/massey-ferguson-4610-series-utility-tractor-1.jpg/jcr:content/renditions/cq5dam.web.1280.1280.jpeg,http://www.masseyferguson.us/content/dam/Brands/Massey Ferguson/US/Tractors/Utility Tractors/4600 Series Utility/Gallery/massey-ferguson-4608-utility-tractor-working.jpg/jcr:content/renditions/cq5dam.web.1280.1280.jpeg,http://www.masseyferguson.us/content/dam/Brands/Massey Ferguson/US/Tractors/Utility Tractors/4600 Series Utility/Gallery/massey-ferguson-4608-utility-tractor-working-with-cows.jpg/jcr:content/renditions/cq5dam.web.1280.1280.jpeg,http://www.masseyferguson.us/content/dam/Brands/Massey Ferguson/US/Testimonial Images/testimonial-4600-quote-jeff-orr.jpg/jcr:content/renditions/original,http://www.masseyferguson.us/content/dam/Brands/Massey Ferguson/US/Testimonial Images/Lee-Powers.jpg/jcr:content/renditions/original,http://www.masseyferguson.us/content/dam/Brands/Massey Ferguson/US/Testimonial Images/testimonial-4600-quote-savdeep-sran.jpg/jcr:content/renditions/original,http://www.masseyferguson.us/content/dam/Brands/Massey Ferguson/US/Testimonial Images/testimonial-4600-quote-lee-powers.jpg/jcr:content/renditions/original","Innovation,Capability ,Comfort",Massey Ferguson | 4600 Series Utility Tractor
